amp_skips,arm,attempted_iteration,budget_kimg,cur_nimg,dataset_sha256,denominator_gap_scale,ema_model_canonical_sha256,ema_snapshot_path,ema_snapshot_sha256,git_commit,online_model_canonical_sha256,optimizer_canonical_sha256,replay_elapsed_seconds,replay_state_path,replay_state_sha256,resume_history,runtime_identity,seed,source_256_state_path,source_256_state_sha256,status,successful_optimizer_steps,target_gap_scale
10,A,2000,256,256000,08c9ed1b2b1c523268dc0f05a0569dd654209aea46197e3f56ec149dd714f372,1.0,29853536e9df06c9e099da89f7a7c6c847ad02f4b36d4b95d353563fac10b75d,/root/q256_target_weight_replay_curve_v1/runs/q256-target-weight-replay-curve-v1/seed3/armA/network-snapshot-kimg000256.pkl,bdf7cb48d9432d8c0c91a3f1a0e90e4129630dd75445217d66d9ce21bce3d2c5,c8721a05227f3ff171f8dc1f559a64d58281c0ae,4860190bae38516a5f466e52f37a8e364524df01a3d6aa0b39320dd8c8755b1a,082c487572a9dd8a95f5d0c08766502b43b662845e5478aa81efbb48b2ae9fb3,,/mnt/ect_project/q256_target_weight_1024k/source_states/formal-direct-dcca41b-deterministic-v1/seed3/armA/training-state-latest.pt,bea5514105a38209c2395e27e026aab8e1d7f59ac810c0f18f9937b9ac1f848b,,"host=ZDLJGL,gpu=GPU-459d54b6-5d7a-6ef8-1b3a-aa30085660e0,pytorch=2.2.0a0+81ea7a4,cuda=12.3",3,/mnt/ect_project/q256_target_weight_1024k/source_states/formal-direct-dcca41b-deterministic-v1/seed3/armA/training-state-latest.pt,bea5514105a38209c2395e27e026aab8e1d7f59ac810c0f18f9937b9ac1f848b,PASS,1990,1.0
10,A,3000,384,384000,08c9ed1b2b1c523268dc0f05a0569dd654209aea46197e3f56ec149dd714f372,1.0,5a72bb73b3d4533bee695c29fde38ee561d950b33e4cf8776ebf3e335662e2b3,/root/q256_target_weight_replay_curve_v1/runs/q256-target-weight-replay-curve-v1/seed3/armA/network-snapshot-kimg000384.pkl,ef906da7904dc539405d04740d93de63b75f03cb3945fd321f04bd6a8f8f8ec9,c8721a05227f3ff171f8dc1f559a64d58281c0ae,8477c70d44a7dd5fe6ac87e81c4b50930db59a402d1193f48bf2f06b51f3b8b6,fc09b8bc52eb58a3deb4abd3d10cbe8cbd45f8949c02501aa5eb8c6e2bfdfdaf,,/root/q256_target_weight_replay_curve_v1/runs/q256-target-weight-replay-curve-v1/seed3/armA/training-state-kimg000384.pt,5a5031dd376dd296973b9c18a8b2693eb26be9db8f7c22673f09eb70062b6efd,,"host=ZDLJGL,gpu=GPU-459d54b6-5d7a-6ef8-1b3a-aa30085660e0,pytorch=2.2.0a0+81ea7a4,cuda=12.3",3,/mnt/ect_project/q256_target_weight_1024k/source_states/formal-direct-dcca41b-deterministic-v1/seed3/armA/training-state-latest.pt,bea5514105a38209c2395e27e026aab8e1d7f59ac810c0f18f9937b9ac1f848b,PASS,2990,1.0
10,A,4000,512,512000,08c9ed1b2b1c523268dc0f05a0569dd654209aea46197e3f56ec149dd714f372,1.0,2c7e0713754bdb67292ce3514f394ce11239085d6ef6912e8ca7485a6a513a7f,/root/q256_target_weight_replay_curve_v1/runs/q256-target-weight-replay-curve-v1/seed3/armA/network-snapshot-kimg000512.pkl,0e2aa71ae4d72517e6761a3e2f6eea031aaa844a6f5349f6978a7d61e8f70692,c8721a05227f3ff171f8dc1f559a64d58281c0ae,7c25315fa0641309909346ef3ab3f62a38c8b6e12dba06b1a907b4d48aa5eb3b,f7a78b4e522274a93c62f787e7e4ac4acf758fe7907843985db3b8feb4304e22,,/root/q256_target_weight_replay_curve_v1/runs/q256-target-weight-replay-curve-v1/seed3/armA/training-state-kimg000512.pt,bd42db9f45973be78a60d15ea24811641126e661bd5c3a2c5d549a617f75c5e0,,"host=ZDLJGL,gpu=GPU-459d54b6-5d7a-6ef8-1b3a-aa30085660e0,pytorch=2.2.0a0+81ea7a4,cuda=12.3",3,/mnt/ect_project/q256_target_weight_1024k/source_states/formal-direct-dcca41b-deterministic-v1/seed3/armA/training-state-latest.pt,bea5514105a38209c2395e27e026aab8e1d7f59ac810c0f18f9937b9ac1f848b,PASS,3990,1.0
11,A,5000,640,640000,08c9ed1b2b1c523268dc0f05a0569dd654209aea46197e3f56ec149dd714f372,1.0,9faec8e55af5914e52e27158225744a99d535513618f52f323a6d103ea8e36ed,/root/q256_target_weight_replay_curve_v1/runs/q256-target-weight-replay-curve-v1/seed3/armA/network-snapshot-kimg000640.pkl,c6a31088c52e4db98a5cc100803d76aef4d7e01899e58e1dff271eb3e6663914,c8721a05227f3ff171f8dc1f559a64d58281c0ae,ac735ae49e06e35f0ace11915a4183fc081665a81eb7424de114cbe08740eaa1,93801122cbacfc37e959f58a7d6f328fcc4cb35aecdf37fc4d8bf12a1d7a1d55,,/root/q256_target_weight_replay_curve_v1/runs/q256-target-weight-replay-curve-v1/seed3/armA/training-state-kimg000640.pt,f6754d37e2a172084d8b3a2fb925536e27cbc7ddd14adbb40918a59f9c56b575,,"host=ZDLJGL,gpu=GPU-459d54b6-5d7a-6ef8-1b3a-aa30085660e0,pytorch=2.2.0a0+81ea7a4,cuda=12.3",3,/mnt/ect_project/q256_target_weight_1024k/source_states/formal-direct-dcca41b-deterministic-v1/seed3/armA/training-state-latest.pt,bea5514105a38209c2395e27e026aab8e1d7f59ac810c0f18f9937b9ac1f848b,PASS,4989,1.0
11,A,6000,768,768000,08c9ed1b2b1c523268dc0f05a0569dd654209aea46197e3f56ec149dd714f372,1.0,90076d53b0ec50c7a6ef9cbce680edb2bedbd36f121e430d42e1fba759d12017,/root/q256_target_weight_replay_curve_v1/runs/q256-target-weight-replay-curve-v1/seed3/armA/network-snapshot-kimg000768.pkl,110b8bce523e6e979f4034b4ffac77f5ede7b800d8033d9dd9b29030c29a8324,c8721a05227f3ff171f8dc1f559a64d58281c0ae,c70b353518694ac5999ee2dadb83b601fc8caab8450ae12f19fb27664f8565bc,309756da16ee6eaa9e95c576db3cea5f5666dc66a01ef649a308e64756cec7ee,,/root/q256_target_weight_replay_curve_v1/runs/q256-target-weight-replay-curve-v1/seed3/armA/training-state-kimg000768.pt,8425fc561db71afe11f0df046a74f18d7a3eaa5a9d89a5f27e94a8f72623e526,,"host=ZDLJGL,gpu=GPU-459d54b6-5d7a-6ef8-1b3a-aa30085660e0,pytorch=2.2.0a0+81ea7a4,cuda=12.3",3,/mnt/ect_project/q256_target_weight_1024k/source_states/formal-direct-dcca41b-deterministic-v1/seed3/armA/training-state-latest.pt,bea5514105a38209c2395e27e026aab8e1d7f59ac810c0f18f9937b9ac1f848b,PASS,5989,1.0
11,A,7000,896,896000,08c9ed1b2b1c523268dc0f05a0569dd654209aea46197e3f56ec149dd714f372,1.0,ef41aa13545e674b9a4af078da9bd90afc810f4ea42417208096960090136966,/root/q256_target_weight_replay_curve_v1/runs/q256-target-weight-replay-curve-v1/seed3/armA/network-snapshot-kimg000896.pkl,b4a461d89f8c685ac890a5ef9553d57b682fb21609bbd538306386392113ffe2,c8721a05227f3ff171f8dc1f559a64d58281c0ae,1055d61a6fc510f94e95e3c77d48431202c58a5f1a744224aff6f85123fa6008,1cda70615098ce45abf6f28a6686f75b17b89a2e64fc73d7bc4b4b1245d08d10,,/root/q256_target_weight_replay_curve_v1/runs/q256-target-weight-replay-curve-v1/seed3/armA/training-state-kimg000896.pt,672321a403938b13804127b58066ae4856a4cc3f05e826ac920a32461aa58805,,"host=ZDLJGL,gpu=GPU-459d54b6-5d7a-6ef8-1b3a-aa30085660e0,pytorch=2.2.0a0+81ea7a4,cuda=12.3",3,/mnt/ect_project/q256_target_weight_1024k/source_states/formal-direct-dcca41b-deterministic-v1/seed3/armA/training-state-latest.pt,bea5514105a38209c2395e27e026aab8e1d7f59ac810c0f18f9937b9ac1f848b,PASS,6989,1.0
12,A,8000,1024,1024000,08c9ed1b2b1c523268dc0f05a0569dd654209aea46197e3f56ec149dd714f372,1.0,7b5a6e1a12a504b32729d102f02d904b354d010ef84666c8f7c765eb20b812fa,/root/q256_target_weight_replay_curve_v1/runs/q256-target-weight-replay-curve-v1/seed3/armA/network-snapshot-kimg001024.pkl,b0a027374c0a994a67152dd9219e7775b1c6e7ee6aa49ff9d15fcfe733485610,c8721a05227f3ff171f8dc1f559a64d58281c0ae,aac046a9e8a6ed234dce4439ffb6a3f93d4254187959566b07c2ad2a9f13c1bc,1985ea4719ca10b11d68d776d66246bfd3d162fea12bb661bdcf8552c46edd22,7850.17441534996,/root/q256_target_weight_replay_curve_v1/runs/q256-target-weight-replay-curve-v1/seed3/armA/training-state-kimg001024.pt,23d28652dce268e05b015d8cc371d8603cc1f71480de247901ab1f3c7f9d1bd0,"[""Loading training state from \""/mnt/ect_project/q256_target_weight_1024k/source_states/formal-direct-dcca41b-deterministic-v1/seed3/armA/training-state-latest.pt\""...""]","host=ZDLJGL,gpu=GPU-459d54b6-5d7a-6ef8-1b3a-aa30085660e0,pytorch=2.2.0a0+81ea7a4,cuda=12.3",3,/mnt/ect_project/q256_target_weight_1024k/source_states/formal-direct-dcca41b-deterministic-v1/seed3/armA/training-state-latest.pt,bea5514105a38209c2395e27e026aab8e1d7f59ac810c0f18f9937b9ac1f848b,PASS,7988,1.0
10,B,2000,256,256000,08c9ed1b2b1c523268dc0f05a0569dd654209aea46197e3f56ec149dd714f372,1.1,62a575c81ac76ed89427c63f353a4b9695b7d3594ce55d29173d38e6961f1779,/root/q256_target_weight_replay_curve_v1/runs/q256-target-weight-replay-curve-v1/seed3/armB/network-snapshot-kimg000256.pkl,ab362d71eb8d4afb9bea32c90198d08f52d5c327c3cb562aba6a129f301b13e7,c8721a05227f3ff171f8dc1f559a64d58281c0ae,e1bcf76a8cc7872927b8576d4e20400d72bed4f4647828976e82f636309394e8,336b35f84cc3946046f27db5fedcba9002641f2ae6fc8a9e9031d645be6462d2,,/mnt/ect_project/q256_target_weight_1024k/source_states/formal-direct-dcca41b-deterministic-v1/seed3/armB/training-state-latest.pt,6a1ad0d0c9feaa7cbee0b67e727cdd0fe32e07781b0cacb9caa612721dc6f288,,"host=ZDLJGL,gpu=GPU-459d54b6-5d7a-6ef8-1b3a-aa30085660e0,pytorch=2.2.0a0+81ea7a4,cuda=12.3",3,/mnt/ect_project/q256_target_weight_1024k/source_states/formal-direct-dcca41b-deterministic-v1/seed3/armB/training-state-latest.pt,6a1ad0d0c9feaa7cbee0b67e727cdd0fe32e07781b0cacb9caa612721dc6f288,PASS,1990,1.1
10,B,3000,384,384000,08c9ed1b2b1c523268dc0f05a0569dd654209aea46197e3f56ec149dd714f372,1.1,aacb7290208772306854f8b08bd78f27471903b4a3d9dba5cb344b28207a4d26,/root/q256_target_weight_replay_curve_v1/runs/q256-target-weight-replay-curve-v1/seed3/armB/network-snapshot-kimg000384.pkl,5dd1ad22339479aa3e1ece4997270240cf7d0628baf103bc004e6ed3e7e1fadf,c8721a05227f3ff171f8dc1f559a64d58281c0ae,2764c71d45530291c695aed2a462a0dc3710d9cf5e7ea360f4cbc8192641275d,c2e762dfa581b6c9cee4c927655d907ec7e7a0ce66646bc0f84213d7a17124cb,,/root/q256_target_weight_replay_curve_v1/runs/q256-target-weight-replay-curve-v1/seed3/armB/training-state-kimg000384.pt,5173a6b1532c3589c8dd1e6095ab3fca4fffd77331c08932688d11df5e7cf7b8,,"host=ZDLJGL,gpu=GPU-459d54b6-5d7a-6ef8-1b3a-aa30085660e0,pytorch=2.2.0a0+81ea7a4,cuda=12.3",3,/mnt/ect_project/q256_target_weight_1024k/source_states/formal-direct-dcca41b-deterministic-v1/seed3/armB/training-state-latest.pt,6a1ad0d0c9feaa7cbee0b67e727cdd0fe32e07781b0cacb9caa612721dc6f288,PASS,2990,1.1
10,B,4000,512,512000,08c9ed1b2b1c523268dc0f05a0569dd654209aea46197e3f56ec149dd714f372,1.1,4d578d8ea4b6bd937a56c5e53ccb237ab6f50153e260f1e56fecc03a52e93ac4,/root/q256_target_weight_replay_curve_v1/runs/q256-target-weight-replay-curve-v1/seed3/armB/network-snapshot-kimg000512.pkl,6354e9b3945ca2a04a909547eed178a8e84ba0f24b592a5fb95504695a53fd8e,c8721a05227f3ff171f8dc1f559a64d58281c0ae,ae6e314373b12bf34dea8a0cb22b46b45937f355ca1683ff3ee9752d80e06b63,63acd093e559d29761b288d890970ea849c574f4e5f93b6c02808976158d4b7e,,/root/q256_target_weight_replay_curve_v1/runs/q256-target-weight-replay-curve-v1/seed3/armB/training-state-kimg000512.pt,207e31ab74b5759d5cbad507b5df8b4a523eca44cc6bca38413b7a8e02a572a7,,"host=ZDLJGL,gpu=GPU-459d54b6-5d7a-6ef8-1b3a-aa30085660e0,pytorch=2.2.0a0+81ea7a4,cuda=12.3",3,/mnt/ect_project/q256_target_weight_1024k/source_states/formal-direct-dcca41b-deterministic-v1/seed3/armB/training-state-latest.pt,6a1ad0d0c9feaa7cbee0b67e727cdd0fe32e07781b0cacb9caa612721dc6f288,PASS,3990,1.1
11,B,5000,640,640000,08c9ed1b2b1c523268dc0f05a0569dd654209aea46197e3f56ec149dd714f372,1.1,f8c9554a3b7f0dab23b4b25c26c812bf7052384723da28d6287375e705e10a38,/root/q256_target_weight_replay_curve_v1/runs/q256-target-weight-replay-curve-v1/seed3/armB/network-snapshot-kimg000640.pkl,545325879fe7963e48439ab7592b9ff8ab3c94b9b81576d90adbb90801a5949a,c8721a05227f3ff171f8dc1f559a64d58281c0ae,21bbc3fe88f38389796f5e21e18fb88097858bc9b5bbc3f4a110f0b4c86b4ec2,b346f72e638b6cce92eb2af73d49e5c62452a08e37a6325c95895efed5bd74fb,,/root/q256_target_weight_replay_curve_v1/runs/q256-target-weight-replay-curve-v1/seed3/armB/training-state-kimg000640.pt,f6f2810d6416703315fde1914cc785dbc249d73e02e946b1e05cf2a9fc09dd1a,,"host=ZDLJGL,gpu=GPU-459d54b6-5d7a-6ef8-1b3a-aa30085660e0,pytorch=2.2.0a0+81ea7a4,cuda=12.3",3,/mnt/ect_project/q256_target_weight_1024k/source_states/formal-direct-dcca41b-deterministic-v1/seed3/armB/training-state-latest.pt,6a1ad0d0c9feaa7cbee0b67e727cdd0fe32e07781b0cacb9caa612721dc6f288,PASS,4989,1.1
11,B,6000,768,768000,08c9ed1b2b1c523268dc0f05a0569dd654209aea46197e3f56ec149dd714f372,1.1,ccdabc3bb948e32c586b034f989c648e060d1cae8884375234438e188958100c,/root/q256_target_weight_replay_curve_v1/runs/q256-target-weight-replay-curve-v1/seed3/armB/network-snapshot-kimg000768.pkl,caaba9c5366200e030bb09315ae79978a82dacd8af3ef728160214138b0fed7a,c8721a05227f3ff171f8dc1f559a64d58281c0ae,afd878cfda70c47bae4fcb8f383c2186e1dad106375a92d6386666278aa3169e,46295c5b7b79b96f35e7ad660c1e859df169cb9e09d923a96945e7524a973513,,/root/q256_target_weight_replay_curve_v1/runs/q256-target-weight-replay-curve-v1/seed3/armB/training-state-kimg000768.pt,189d70cea63f5958427af8e584af08130093cdfd528ce65ec0645542eea35be0,,"host=ZDLJGL,gpu=GPU-459d54b6-5d7a-6ef8-1b3a-aa30085660e0,pytorch=2.2.0a0+81ea7a4,cuda=12.3",3,/mnt/ect_project/q256_target_weight_1024k/source_states/formal-direct-dcca41b-deterministic-v1/seed3/armB/training-state-latest.pt,6a1ad0d0c9feaa7cbee0b67e727cdd0fe32e07781b0cacb9caa612721dc6f288,PASS,5989,1.1
11,B,7000,896,896000,08c9ed1b2b1c523268dc0f05a0569dd654209aea46197e3f56ec149dd714f372,1.1,6ae9355b25dade5f8a0e03921f56bc8a4200c80473d1a7ddade2403626a8b52e,/root/q256_target_weight_replay_curve_v1/runs/q256-target-weight-replay-curve-v1/seed3/armB/network-snapshot-kimg000896.pkl,2718661b1257d06ae30a0aa5de1209a52f1070f5ca3591144b2f6e4d6d974a9c,c8721a05227f3ff171f8dc1f559a64d58281c0ae,8143e6103dd03341b79d17a896f9a1c739795d59ac63f376f252375c766dded0,c5f7df972c15d53ad8370cb395b6e0b508e84b14ff3d7b99ece0749f914fd965,,/root/q256_target_weight_replay_curve_v1/runs/q256-target-weight-replay-curve-v1/seed3/armB/training-state-kimg000896.pt,7efac4484aa9ad4728a93c345eb326089fef4e2c1bd9fab72951a5a68802b758,,"host=ZDLJGL,gpu=GPU-459d54b6-5d7a-6ef8-1b3a-aa30085660e0,pytorch=2.2.0a0+81ea7a4,cuda=12.3",3,/mnt/ect_project/q256_target_weight_1024k/source_states/formal-direct-dcca41b-deterministic-v1/seed3/armB/training-state-latest.pt,6a1ad0d0c9feaa7cbee0b67e727cdd0fe32e07781b0cacb9caa612721dc6f288,PASS,6989,1.1
12,B,8000,1024,1024000,08c9ed1b2b1c523268dc0f05a0569dd654209aea46197e3f56ec149dd714f372,1.1,798f4e89a1ada5b14798bb4f106bc8e11c9f6551667d06834c24c8c1262b34dd,/root/q256_target_weight_replay_curve_v1/runs/q256-target-weight-replay-curve-v1/seed3/armB/network-snapshot-kimg001024.pkl,43115f4b2450bb87f2796d30bb1652966a3a9367c3dd76d3c8abc1c79ce8c6d5,c8721a05227f3ff171f8dc1f559a64d58281c0ae,6a3b0d4ddbfabba19c9eda47e03fc92390c38d4eea16aad0254d18186fe95e97,bd9491126126b5255092cac64eeff462cbd4005580b8e7543e19338f92e213c5,7914.47065114975,/root/q256_target_weight_replay_curve_v1/runs/q256-target-weight-replay-curve-v1/seed3/armB/training-state-kimg001024.pt,3b2594de86095f94409028e4c8f7e7c6a1ad765ef9599b839a2b649a712c8109,"[""Loading training state from \""/mnt/ect_project/q256_target_weight_1024k/source_states/formal-direct-dcca41b-deterministic-v1/seed3/armB/training-state-latest.pt\""...""]","host=ZDLJGL,gpu=GPU-459d54b6-5d7a-6ef8-1b3a-aa30085660e0,pytorch=2.2.0a0+81ea7a4,cuda=12.3",3,/mnt/ect_project/q256_target_weight_1024k/source_states/formal-direct-dcca41b-deterministic-v1/seed3/armB/training-state-latest.pt,6a1ad0d0c9feaa7cbee0b67e727cdd0fe32e07781b0cacb9caa612721dc6f288,PASS,7988,1.1
10,C,2000,256,256000,08c9ed1b2b1c523268dc0f05a0569dd654209aea46197e3f56ec149dd714f372,1.0,5ec931cd9858a27379ae691fbc81c28a47f2155d69d570b24cd0f9665807e46f,/root/q256_target_weight_replay_curve_v1/runs/q256-target-weight-replay-curve-v1/seed3/armC/network-snapshot-kimg000256.pkl,3fab53a3e02df7dd4f2f02cec2565ce75114d21cc04fa7b024e842b0dc538ce8,c8721a05227f3ff171f8dc1f559a64d58281c0ae,004f71e234aa6f800123d8bc0b57f02dc552519317af786cf517774e8c253bcf,39e2fa451f6198b10d5a289955151557a607323ca005e7fe71ecf079975a6fe8,,/mnt/ect_project/q256_target_weight_1024k/source_states/formal-direct-dcca41b-deterministic-v1/seed3/armC/training-state-latest.pt,cd1620aab9a10a865058138e0540970fe2728ba459d0f81d2e4984914d6b2c78,,"host=ZDLJGL,gpu=GPU-459d54b6-5d7a-6ef8-1b3a-aa30085660e0,pytorch=2.2.0a0+81ea7a4,cuda=12.3",3,/mnt/ect_project/q256_target_weight_1024k/source_states/formal-direct-dcca41b-deterministic-v1/seed3/armC/training-state-latest.pt,cd1620aab9a10a865058138e0540970fe2728ba459d0f81d2e4984914d6b2c78,PASS,1990,1.1
10,C,3000,384,384000,08c9ed1b2b1c523268dc0f05a0569dd654209aea46197e3f56ec149dd714f372,1.0,d82e99b029ab4d94dd5c334634d4ab2c8b851fb88b77da11edc986fcebef843b,/root/q256_target_weight_replay_curve_v1/runs/q256-target-weight-replay-curve-v1/seed3/armC/network-snapshot-kimg000384.pkl,645c28e2a6c2efb1de3a63818048d30f2d691e91598f1b50a13f20e8dbadd94b,c8721a05227f3ff171f8dc1f559a64d58281c0ae,b843b88bc293487e375532094e3884965c208d352a9dd3cf92a20d6685f428b6,a24149b51f369567e7d068f3896dd35df8451b5e28aef68d6c12c3adf603e6b0,,/root/q256_target_weight_replay_curve_v1/runs/q256-target-weight-replay-curve-v1/seed3/armC/training-state-kimg000384.pt,5e138ed4aba983dc7c37de0a2c02a01d7769e65ab0c6b8108aeec27fbe8c3abd,,"host=ZDLJGL,gpu=GPU-459d54b6-5d7a-6ef8-1b3a-aa30085660e0,pytorch=2.2.0a0+81ea7a4,cuda=12.3",3,/mnt/ect_project/q256_target_weight_1024k/source_states/formal-direct-dcca41b-deterministic-v1/seed3/armC/training-state-latest.pt,cd1620aab9a10a865058138e0540970fe2728ba459d0f81d2e4984914d6b2c78,PASS,2990,1.1
11,C,4000,512,512000,08c9ed1b2b1c523268dc0f05a0569dd654209aea46197e3f56ec149dd714f372,1.0,9f81774c4e1721175c8984d8c5b936e3395ede7e72f3436124f9a058f69e9a03,/root/q256_target_weight_replay_curve_v1/runs/q256-target-weight-replay-curve-v1/seed3/armC/network-snapshot-kimg000512.pkl,71b7609ae3b22f6ce479a60b7b7fce0490a66a45f22a9c87d811ae5c5cb0ae3b,c8721a05227f3ff171f8dc1f559a64d58281c0ae,a645af3759fdf677af81f3b4e410cbfe5342963e26f01149921867b3031c0791,2769af0e3c373a45ab2a1ba484d24f0c33742135545217306887c62f33a893a7,,/root/q256_target_weight_replay_curve_v1/runs/q256-target-weight-replay-curve-v1/seed3/armC/training-state-kimg000512.pt,3383c2100e4a2426d2d178e470913de610fa73b4ed72d8a485331f5293769d29,,"host=ZDLJGL,gpu=GPU-459d54b6-5d7a-6ef8-1b3a-aa30085660e0,pytorch=2.2.0a0+81ea7a4,cuda=12.3",3,/mnt/ect_project/q256_target_weight_1024k/source_states/formal-direct-dcca41b-deterministic-v1/seed3/armC/training-state-latest.pt,cd1620aab9a10a865058138e0540970fe2728ba459d0f81d2e4984914d6b2c78,PASS,3989,1.1
11,C,5000,640,640000,08c9ed1b2b1c523268dc0f05a0569dd654209aea46197e3f56ec149dd714f372,1.0,84847a8a8e321b1e1712093fb2001252df5aa04ff55dbd824c0544eac374164e,/root/q256_target_weight_replay_curve_v1/runs/q256-target-weight-replay-curve-v1/seed3/armC/network-snapshot-kimg000640.pkl,0abe47aba37b86a70eda57f3efd8ec7c4a927cb9aff8b4a4d81d6e8e0cc32852,c8721a05227f3ff171f8dc1f559a64d58281c0ae,faa7137c96ef4f616521b2c1c95fab129efd4ea66ba2371bbd719f59373162fa,c1875460bd044adb8aad552416f5673316efe82fe7621a0c5713970dd2e27903,,/root/q256_target_weight_replay_curve_v1/runs/q256-target-weight-replay-curve-v1/seed3/armC/training-state-kimg000640.pt,36c63bcb87117528b4c340f33044d9b9d6ec705d3f32e38f034033313161a956,,"host=ZDLJGL,gpu=GPU-459d54b6-5d7a-6ef8-1b3a-aa30085660e0,pytorch=2.2.0a0+81ea7a4,cuda=12.3",3,/mnt/ect_project/q256_target_weight_1024k/source_states/formal-direct-dcca41b-deterministic-v1/seed3/armC/training-state-latest.pt,cd1620aab9a10a865058138e0540970fe2728ba459d0f81d2e4984914d6b2c78,PASS,4989,1.1
12,C,6000,768,768000,08c9ed1b2b1c523268dc0f05a0569dd654209aea46197e3f56ec149dd714f372,1.0,6becec68b12d4b3bab22498d83c11b05449148b328214c309816f2233efaefc7,/root/q256_target_weight_replay_curve_v1/runs/q256-target-weight-replay-curve-v1/seed3/armC/network-snapshot-kimg000768.pkl,1eb2f2db4f008d7e7101d7b13a2f0ada8524a020fc702116a85a3353c2464a95,c8721a05227f3ff171f8dc1f559a64d58281c0ae,18e416fc2e8092d8780b2e04961bc2675418eeb420b27af6d99ad2f6c49a994b,4785a755bd1b0fa59ddbfe35e1b2b2cf93fef3b9510a73cd725c4cc94fd788c2,,/root/q256_target_weight_replay_curve_v1/runs/q256-target-weight-replay-curve-v1/seed3/armC/training-state-kimg000768.pt,4ba6d1c82a7c2621db6c81d5144f8f419dc427b6a685b4fdefb6cfef21a9a3f9,,"host=ZDLJGL,gpu=GPU-459d54b6-5d7a-6ef8-1b3a-aa30085660e0,pytorch=2.2.0a0+81ea7a4,cuda=12.3",3,/mnt/ect_project/q256_target_weight_1024k/source_states/formal-direct-dcca41b-deterministic-v1/seed3/armC/training-state-latest.pt,cd1620aab9a10a865058138e0540970fe2728ba459d0f81d2e4984914d6b2c78,PASS,5988,1.1
12,C,7000,896,896000,08c9ed1b2b1c523268dc0f05a0569dd654209aea46197e3f56ec149dd714f372,1.0,4a2a4cdea2777442245ddeee4160ad8541a4bf8738787cf4114a7af1d708c1d2,/root/q256_target_weight_replay_curve_v1/runs/q256-target-weight-replay-curve-v1/seed3/armC/network-snapshot-kimg000896.pkl,1b2453f68195d3e83674ac735969979ff4a74d792c1fcd6965fff796058be1be,c8721a05227f3ff171f8dc1f559a64d58281c0ae,cb9c033770afb8f639112c5ee29ac2b38fa8dec23e3cc3c05955959dc86d90a3,2474814e57ad1dc281ac18c27d84fc4a693ca0d8f929e3c4e3cfa5ec33c057a5,,/root/q256_target_weight_replay_curve_v1/runs/q256-target-weight-replay-curve-v1/seed3/armC/training-state-kimg000896.pt,f569ad53e244921c9102999fe48af283666efcc8190ca7dc0b372fc7f40b56aa,,"host=ZDLJGL,gpu=GPU-459d54b6-5d7a-6ef8-1b3a-aa30085660e0,pytorch=2.2.0a0+81ea7a4,cuda=12.3",3,/mnt/ect_project/q256_target_weight_1024k/source_states/formal-direct-dcca41b-deterministic-v1/seed3/armC/training-state-latest.pt,cd1620aab9a10a865058138e0540970fe2728ba459d0f81d2e4984914d6b2c78,PASS,6988,1.1
13,C,8000,1024,1024000,08c9ed1b2b1c523268dc0f05a0569dd654209aea46197e3f56ec149dd714f372,1.0,6f5eb3448cf863a19cb828e1c947b74fbc29ee9665ea326cb0d108fbd426388d,/root/q256_target_weight_replay_curve_v1/runs/q256-target-weight-replay-curve-v1/seed3/armC/network-snapshot-kimg001024.pkl,442115d773e61421e966c2ba15b64c31725223823f01484cfe49f8a59644aa5c,c8721a05227f3ff171f8dc1f559a64d58281c0ae,c0cf400bae974bd3d4bcb6874bccfebcf95f647e3d2a68bfb9abf078dfdf97c3,6db492e859e1b98bd200fdb6c03d8398d205009d3ccd06185091a1edf02c5326,7918.988934993744,/root/q256_target_weight_replay_curve_v1/runs/q256-target-weight-replay-curve-v1/seed3/armC/training-state-kimg001024.pt,8735c42b4d3ba62abef9f9ec82830b68ff7a735b2cb709e29284749c52bfd5cd,"[""Loading training state from \""/data/raw/ECT/ect_runs/q256-target-weight-factorial-20260819/formal/formal-direct-dcca41b-deterministic-v1/seed3/armC/training-state-latest.pt\""..."", ""Loading training state from \""/mnt/ect_project/q256_target_weight_1024k/source_states/formal-direct-dcca41b-deterministic-v1/seed3/armC/training-state-latest.pt\""...""]","host=ZDLJGL,gpu=GPU-459d54b6-5d7a-6ef8-1b3a-aa30085660e0,pytorch=2.2.0a0+81ea7a4,cuda=12.3",3,/mnt/ect_project/q256_target_weight_1024k/source_states/formal-direct-dcca41b-deterministic-v1/seed3/armC/training-state-latest.pt,cd1620aab9a10a865058138e0540970fe2728ba459d0f81d2e4984914d6b2c78,PASS,7987,1.1
10,D,2000,256,256000,08c9ed1b2b1c523268dc0f05a0569dd654209aea46197e3f56ec149dd714f372,1.1,5446e93127785c6855255569abe64aa8cfa63aef19cf88d2d361cce4f7386c85,/root/q256_target_weight_replay_curve_v1/runs/q256-target-weight-replay-curve-v1/seed3/armD/network-snapshot-kimg000256.pkl,af2732f6ee8713d43c8efade27b0854b9a8cff0a13a2dcb6bc5003b522ae9dd8,c8721a05227f3ff171f8dc1f559a64d58281c0ae,ab195e37b05d6b24f45f910eb7f4000ed8f17e23906cbcc55cab714f89da8d8a,bdb5f72c61563b998fe69f7ccc612a427ed33f50f362a1fb8b709163eaab1fd6,,/mnt/ect_project/q256_target_weight_1024k/source_states/formal-direct-dcca41b-deterministic-v1/seed3/armD/training-state-latest.pt,70e29b74ac2bfcd57bfb7064eb9ce8c0358b92af34ee55c835a653e8dfa521a3,,"host=ZDLJGL,gpu=GPU-459d54b6-5d7a-6ef8-1b3a-aa30085660e0,pytorch=2.2.0a0+81ea7a4,cuda=12.3",3,/mnt/ect_project/q256_target_weight_1024k/source_states/formal-direct-dcca41b-deterministic-v1/seed3/armD/training-state-latest.pt,70e29b74ac2bfcd57bfb7064eb9ce8c0358b92af34ee55c835a653e8dfa521a3,PASS,1990,1.0
10,D,3000,384,384000,08c9ed1b2b1c523268dc0f05a0569dd654209aea46197e3f56ec149dd714f372,1.1,745ebb5e6ed4b7c0c89cf9150b1e0be23d5266258e37f00f4e5a9917764e883c,/root/q256_target_weight_replay_curve_v1/runs/q256-target-weight-replay-curve-v1/seed3/armD/network-snapshot-kimg000384.pkl,612919a325dd17080cd23e699390755c9f2e5138cbb391f2f4949d62d215f49d,c8721a05227f3ff171f8dc1f559a64d58281c0ae,73706d88ee509e4ebb6326cdb09cff6923658c39c1ca42e780f73fe0ecba962f,92669ac188e51db5d95c9d24b5c9b4e634047748e0535ddc6dd92deb8825a283,,/root/q256_target_weight_replay_curve_v1/runs/q256-target-weight-replay-curve-v1/seed3/armD/training-state-kimg000384.pt,7c1e1bb989c0ae65e7e5e9e0508c018659b19ed3d1f93168d58350cfe2f315ef,,"host=ZDLJGL,gpu=GPU-459d54b6-5d7a-6ef8-1b3a-aa30085660e0,pytorch=2.2.0a0+81ea7a4,cuda=12.3",3,/mnt/ect_project/q256_target_weight_1024k/source_states/formal-direct-dcca41b-deterministic-v1/seed3/armD/training-state-latest.pt,70e29b74ac2bfcd57bfb7064eb9ce8c0358b92af34ee55c835a653e8dfa521a3,PASS,2990,1.0
11,D,4000,512,512000,08c9ed1b2b1c523268dc0f05a0569dd654209aea46197e3f56ec149dd714f372,1.1,af6bf6fcd7904252879cf47ca390c52a79d416873f6b8979d77e433f3b4c64d5,/root/q256_target_weight_replay_curve_v1/runs/q256-target-weight-replay-curve-v1/seed3/armD/network-snapshot-kimg000512.pkl,40ca58752b728b6b3c4b714635965db7e378d50aff7c63e0054266aa697f6908,c8721a05227f3ff171f8dc1f559a64d58281c0ae,00c32401ed7054f96325b0ead31ff1b4a2e8a402a90a925121b27506c4ca9e3b,94e2da87675f52cb36c1a613299f46098dadf95f908715fbb682988ad67c5e3d,,/root/q256_target_weight_replay_curve_v1/runs/q256-target-weight-replay-curve-v1/seed3/armD/training-state-kimg000512.pt,662bcb6816f7fb72c9af755b33082534aa51f5feb62ea8aec75e7d14b193ca55,,"host=ZDLJGL,gpu=GPU-459d54b6-5d7a-6ef8-1b3a-aa30085660e0,pytorch=2.2.0a0+81ea7a4,cuda=12.3",3,/mnt/ect_project/q256_target_weight_1024k/source_states/formal-direct-dcca41b-deterministic-v1/seed3/armD/training-state-latest.pt,70e29b74ac2bfcd57bfb7064eb9ce8c0358b92af34ee55c835a653e8dfa521a3,PASS,3989,1.0
11,D,5000,640,640000,08c9ed1b2b1c523268dc0f05a0569dd654209aea46197e3f56ec149dd714f372,1.1,bc6ac2070a9bb2ab93c48cf860edc3d877570396d26f8fa07487a059aad4cf54,/root/q256_target_weight_replay_curve_v1/runs/q256-target-weight-replay-curve-v1/seed3/armD/network-snapshot-kimg000640.pkl,da31e2be4375b1eddaac9e3da1844c459b684d020fe279e24381253b0ed0a3c3,c8721a05227f3ff171f8dc1f559a64d58281c0ae,be2c2314afbde8336ee113580191e7a9573e6f8a4e7f30386b9235c25c1e7a79,11c6002f9bdf557cab1660e06b33f89f06087c10356cf6adb2421f2d3f31bb21,,/root/q256_target_weight_replay_curve_v1/runs/q256-target-weight-replay-curve-v1/seed3/armD/training-state-kimg000640.pt,4320f617c83fe7f881315e40724cc4a9cbc7e27d2df7f5cb46c5fcb73c2a6832,,"host=ZDLJGL,gpu=GPU-459d54b6-5d7a-6ef8-1b3a-aa30085660e0,pytorch=2.2.0a0+81ea7a4,cuda=12.3",3,/mnt/ect_project/q256_target_weight_1024k/source_states/formal-direct-dcca41b-deterministic-v1/seed3/armD/training-state-latest.pt,70e29b74ac2bfcd57bfb7064eb9ce8c0358b92af34ee55c835a653e8dfa521a3,PASS,4989,1.0
12,D,6000,768,768000,08c9ed1b2b1c523268dc0f05a0569dd654209aea46197e3f56ec149dd714f372,1.1,687a28193fa8986ccdfe7acbde3d13fa9fa80e12a3ea43ead30bda2cd2b53e8a,/root/q256_target_weight_replay_curve_v1/runs/q256-target-weight-replay-curve-v1/seed3/armD/network-snapshot-kimg000768.pkl,1d4c8e1340dbc54755ae834bcf8128c2c100274949c9bd5ebf3ceaad21f1ad2e,c8721a05227f3ff171f8dc1f559a64d58281c0ae,787de2533a5a3ab4b599ac41d345580dd818208ac1e8480b200c759d3ff21c1a,3a8eaa391c5602f287c74442d4dd251dc01eb554ec95d3cf8603b6e4fac3d1e9,,/root/q256_target_weight_replay_curve_v1/runs/q256-target-weight-replay-curve-v1/seed3/armD/training-state-kimg000768.pt,66ae647444332cdb4da5c1f9d5ffbea0bdfa332d39108e4fc9831b3e028a211d,,"host=ZDLJGL,gpu=GPU-459d54b6-5d7a-6ef8-1b3a-aa30085660e0,pytorch=2.2.0a0+81ea7a4,cuda=12.3",3,/mnt/ect_project/q256_target_weight_1024k/source_states/formal-direct-dcca41b-deterministic-v1/seed3/armD/training-state-latest.pt,70e29b74ac2bfcd57bfb7064eb9ce8c0358b92af34ee55c835a653e8dfa521a3,PASS,5988,1.0
12,D,7000,896,896000,08c9ed1b2b1c523268dc0f05a0569dd654209aea46197e3f56ec149dd714f372,1.1,3316396bf9c4c0526876d53c958168338154854b1afa29a03887a9e335fef975,/root/q256_target_weight_replay_curve_v1/runs/q256-target-weight-replay-curve-v1/seed3/armD/network-snapshot-kimg000896.pkl,903fe04e4b954be741029d72fa3d9e7a8f590e447df447d971fac3b3427137aa,c8721a05227f3ff171f8dc1f559a64d58281c0ae,d3f7d9d8556553e4413073b001743bbc11f2f38135f88670283707b87eedc7ae,ae0052888f1fa08774a376b1afd70671498de93a51db3a6e267a7e7c40b7eef1,,/root/q256_target_weight_replay_curve_v1/runs/q256-target-weight-replay-curve-v1/seed3/armD/training-state-kimg000896.pt,8876541db3d425ec4d232299f703b6a98f6b4c1c97221bc56be83dc21fb0c93c,,"host=ZDLJGL,gpu=GPU-459d54b6-5d7a-6ef8-1b3a-aa30085660e0,pytorch=2.2.0a0+81ea7a4,cuda=12.3",3,/mnt/ect_project/q256_target_weight_1024k/source_states/formal-direct-dcca41b-deterministic-v1/seed3/armD/training-state-latest.pt,70e29b74ac2bfcd57bfb7064eb9ce8c0358b92af34ee55c835a653e8dfa521a3,PASS,6988,1.0
12,D,8000,1024,1024000,08c9ed1b2b1c523268dc0f05a0569dd654209aea46197e3f56ec149dd714f372,1.1,270c68b15dbc94cb400cf6e7779d9add54839e6c41c853cb9e056f343e9bcc5b,/root/q256_target_weight_replay_curve_v1/runs/q256-target-weight-replay-curve-v1/seed3/armD/network-snapshot-kimg001024.pkl,5242196e525a673795d6c2b3bf1ea7dae2a6910cc5c133ce86e18a3b3c74817b,c8721a05227f3ff171f8dc1f559a64d58281c0ae,6c5fb87c1f3428ba288e132cccd107d0bc265efa866dbad18c9828f376535c76,72927a40adafb4aa93f28fca55d0f37129281435bc2610136163d6ef05ab4d6d,7947.226513385773,/root/q256_target_weight_replay_curve_v1/runs/q256-target-weight-replay-curve-v1/seed3/armD/training-state-kimg001024.pt,3f35cb933e0d597a383881e96579b50d5c4b6d13dc1362a4253b505ddbd2734b,"[""Loading training state from \""/mnt/ect_project/q256_target_weight_1024k/source_states/formal-direct-dcca41b-deterministic-v1/seed3/armD/training-state-latest.pt\""...""]","host=ZDLJGL,gpu=GPU-459d54b6-5d7a-6ef8-1b3a-aa30085660e0,pytorch=2.2.0a0+81ea7a4,cuda=12.3",3,/mnt/ect_project/q256_target_weight_1024k/source_states/formal-direct-dcca41b-deterministic-v1/seed3/armD/training-state-latest.pt,70e29b74ac2bfcd57bfb7064eb9ce8c0358b92af34ee55c835a653e8dfa521a3,PASS,7988,1.0
