profile,nfe,metric,effect,arithmetic_definition,log_definition,n,per_seed_deltas_json,mean_delta,sample_sd_delta,ci95_low_delta,ci95_high_delta,negative_wins,positive_losses,ties,wins_of_3,per_seed_log_contrasts_json,mean_log_contrast,sample_sd_log_contrast,ci95_low_log_contrast,ci95_high_log_contrast,geometric_relative_percent,geometric_relative_ci95_low_percent,geometric_relative_ci95_high_percent
conservative,1,kid5k_full,global_at_local0,global - fixed,log(global / fixed),3,"[-0.17631381750106812,-0.006878465414047241,-0.012379467487335205]",-0.06519058346748352,0.0962748415346122,-0.30435054636279757,0.1739693794278305,3,0,0,3/3,"[-0.6237718181868407,-0.022068773270998765,-0.029086874894311165]",-0.22497582211738354,0.3453852896380673,-1.0829604392588277,0.6330087950240606,-20.146447457582227,-66.14083396070781,88.32684320236659
conservative,1,kid5k_full,global_at_local1,combined - local,log(combined / local),3,"[-0.20678012073040009,0.008988350629806519,-0.01187923550605774]",-0.0698903352022171,0.1190082941405698,-0.3655233246438126,0.2257426542393784,2,1,0,2/3,"[-0.778020044806337,0.028186869631745326,-0.027850648560086233]",-0.2592279412448926,0.45015995590407226,-1.3774872562941798,0.8590313738043946,-22.83528872076434,-74.77884996303682,136.08727825976464
conservative,1,kid5k_full,local_at_global0,local - fixed,log(local / fixed),3,"[0.002520143985748291,-0.0007238090038299561,0.0006777644157409668]",0.0008246997992197672,0.0016269604343182283,-0.003216893943251395,0.00486629354169093,1,2,0,1/3,"[0.006611441063651857,-0.002299463299568094,0.0015683119039039406]",0.0019600965559959014,0.004468352666567871,-0.009139906735677697,0.013060099847669501,0.196201880097373,-0.9098264752627552,1.3145755435677473
conservative,1,kid5k_full,local_at_global1,combined - global,log(combined / global),3,"[-0.02794615924358368,0.015143007040023804,0.0011779963970184326]",-0.0038750519355138144,0.021984518094383468,-0.058487622030826296,0.05073751815979866,1,2,0,1/3,"[-0.14763678555584447,0.047956179603176,0.002804538238128873]",-0.0322920225715132,0.10241083165575371,-0.2866946298202914,0.22211058467726502,-3.177620241169195,-24.925905226489686,24.87094583617998
conservative,1,kid5k_full,combined_vs_fixed,combined - fixed,log(combined / fixed),3,"[-0.2042599767446518,0.008264541625976562,-0.011201471090316772]",-0.06906563540299733,0.11748559001371427,-0.3609160181253869,0.22278474731939224,2,1,0,2/3,"[-0.7714086037426852,0.025887406332177232,-0.026282336656182292]",-0.25726784468889674,0.44602237680543805,-1.3652488435349832,0.8507131541571897,-22.683890106462773,-74.46828659357752,134.13159759054088
conservative,1,kid5k_full,additive_interaction,combined - global - local + fixed,log(combined * fixed / (global * local)),3,"[-0.03046630322933197,0.01586681604385376,0.0005002319812774658]",-0.0046997517347335815,0.023600198269948896,-0.06332589385654483,0.05392639038707767,1,2,0,1/3,"[-0.15424822661949633,0.05025564290274409,0.0012362263342249324]",-0.034252119127509105,0.10677090034321579,-0.2994857373537457,0.23098149909872748,-3.3672155809897344,-25.88007062022848,25.983593113343815
conservative,1,kid5k_full,global_main_effect,0.5 * [(global - fixed) + (combined - local)],0.5 * [log(global / fixed) + log(combined / local)],3,"[-0.1915469691157341,0.0010549426078796387,-0.012129351496696472]",-0.06754045933485031,0.10759492206320106,-0.33482106097685044,0.19974014230714981,2,1,0,2/3,"[-0.7008959314965888,0.0030590481803732805,-0.0284687617271987]",-0.24210188168113808,0.39763989463953275,-1.2298941328218223,0.7456903694595461,-21.502380121707244,-70.76764764906945,110.78961599068128
conservative,1,kid5k_full,local_main_effect,0.5 * [(local - fixed) + (combined - global)],0.5 * [log(local / fixed) + log(combined / global)],3,"[-0.012713007628917694,0.007209599018096924,0.0009278804063796997]",-0.0015251760681470234,0.010185316806723828,-0.02682690547891256,0.023776553342618516,1,2,0,1/3,"[-0.07051267224609631,0.02282835815180395,0.002186425071016407]",-0.01516596300775865,0.04903025614824734,-0.13696387048026157,0.10663194446474426,-1.505153897133963,-12.799826943327758,11.252470823909237
conservative,1,fid5k_full,global_at_local0,global - fixed,log(global / fixed),3,"[-136.0720630560961,-20.735001629500744,-8.265460909829983]",-55.02417519847561,70.46589569483916,-230.07116287597844,120.02281247902724,3,0,0,3/3,"[-0.5149115212079325,-0.06838441202896917,-0.02245678697285669]",-0.20191757340325278,0.27203169890215484,-0.8776817707652282,0.4738466239587227,-18.283771892782717,-58.42544110242851,60.61606215768715
conservative,1,fid5k_full,global_at_local1,combined - local,log(combined / local),3,"[-157.2247699510372,-6.330196617439356,-6.978257395835612]",-56.84440798810405,86.93254739480622,-272.7968258569239,159.10800988071574,3,0,0,3/3,"[-0.6223869580435428,-0.02040451936682075,-0.018924727157339838]",-0.22057206818923447,0.3479826888333934,-1.0850089825796456,0.6438648462011767,-19.7940166221177,-66.21012493213591,90.38246683934163
conservative,1,fid5k_full,local_at_global0,local - fixed,log(local / fixed),3,"[1.218410124618572,-0.28716424993297096,0.028770692421289823]",0.32000552236896357,0.7939155143701093,-1.6521899331853047,2.292200977923232,1,2,0,1/3,"[0.0035970907275544306,-0.0009158353538527564,7.729417554180884e-05]",0.0009195165164144944,0.0023714192602026546,-0.004971415457494824,0.006810448490323812,0.0919939401333097,-0.49590784243087066,0.683369233167741
conservative,1,fid5k_full,local_at_global1,combined - global,log(combined / global),3,"[-19.934296770322504,14.117640762128417,1.3159742064156603]",-1.5002272672594756,17.19976323917665,-44.226807467454485,41.226352932935534,1,2,0,1/3,"[-0.10387834610805591,0.04706405730829566,0.0036093539910586614]",-0.017734978269567197,0.07770191552989637,-0.2107572355780242,0.17528727903888983,-1.7578639130507474,-19.00293249216742,19.158848584158132
conservative,1,fid5k_full,combined_vs_fixed,combined - fixed,log(combined / fixed),3,"[-156.00635982641862,-6.6173608673723265,-6.949486703414323]",-56.524402465735086,86.15406233676613,-270.54295625721454,157.49415132574435,3,0,0,3/3,"[-0.6187898673159884,-0.021320354720673507,-0.01884743298179803]",-0.21965255167281997,0.34566526639164563,-1.0783326696214328,0.6390275662757928,-19.72023197778572,-65.98377841200883,89.46375737321092
conservative,1,fid5k_full,additive_interaction,combined - global - local + fixed,log(combined * fixed / (global * local)),3,"[-21.152706894941048,14.404805012061388,1.2872035139943705]",-1.8202327896284298,17.981275915239156,-46.48819808721807,42.84773250796122,1,2,0,1/3,"[-0.10747543683561034,0.047979892662148416,0.0035320598155168526]",-0.01865449478598169,0.0800672983878446,-0.2175526888139682,0.1802436992420048,-1.8481576601326253,-19.551478356877062,19.750915963956892
conservative,1,fid5k_full,global_main_effect,0.5 * [(global - fixed) + (combined - local)],0.5 * [log(global / fixed) + log(combined / local)],3,"[-146.64841650356664,-13.53259912347005,-7.621859152832798]",-55.93429159328983,78.61630591313802,-251.2280205203138,139.35943733373415,3,0,0,3/3,"[-0.5686492396257377,-0.04439446569789496,-0.020690757065098264]",-0.21124482079624363,0.30974813219755404,-0.9807018318122238,0.5582121902197366,-19.04241583847312,-62.49522140057769,74.7545427017042
conservative,1,fid5k_full,local_main_effect,0.5 * [(local - fixed) + (combined - global)],0.5 * [log(local / fixed) + log(combined / global)],3,"[-9.357943322851966,6.915238256097723,0.6723724494184751]",-0.5901108724452561,8.20972032281581,-20.984186588266102,19.803964843375592,1,2,0,1/3,"[-0.05014062769025074,0.02307411097722145,0.0018433240833002351]",-0.00840773087657635,0.03766845610559808,-0.10198136258491641,0.0851659008317637,-0.837248475646479,-9.69536180376999,8.88977007485746
conservative,2,kid5k_full,global_at_local0,global - fixed,log(global / fixed),3,"[-0.02074715495109558,-0.08098914101719856,-0.022442013025283813]",-0.041392769664525986,0.034301932951321744,-0.12660349430567044,0.04381795497661847,3,0,0,3/3,"[-0.058513436808160346,-1.2208422201721705,-0.0539891625365061]",-0.444448273172279,0.6723806867898379,-2.1147344823307863,1.2258379359862281,-35.8822066470546,-87.93346759242922,240.70197514835598
conservative,2,kid5k_full,global_at_local1,combined - local,log(combined / local),3,"[-0.02354121208190918,-0.08089229464530945,-0.023341089487075806]",-0.04259153207143148,0.033169584299003047,-0.12498934674195047,0.03980628259908751,3,0,0,3/3,"[-0.06612773316985054,-1.201122964435526,-0.056457873813881454]",-0.441236190473086,0.6580990111505064,-2.0760447508342437,1.1935723698880716,-35.67592387100689,-87.45746791903372,229.88448768868838
conservative,2,kid5k_full,local_at_global0,local - fixed,log(local / fixed),3,"[0.002850860357284546,0.000826716423034668,-0.001792997121810913]",0.000628193219502767,0.0023282851346630926,-0.005155587647231219,0.006411974086236752,1,2,0,1/3,"[0.007779265317001571,0.0071708748615040285,-0.0042079147871916245]",0.0035807417971046585,0.00675203030781568,-0.013192231205449538,0.020353714799658855,0.35871603117414147,-1.3105595116256796,2.0562264167697113
conservative,2,kid5k_full,local_at_global1,combined - global,log(combined / global),3,"[5.6803226470947266e-05,0.0009235627949237823,-0.0026920735836029053]",-0.0005705691874027252,0.0018876979935091986,-0.00525987092905152,0.004118732554246069,1,2,0,1/3,"[0.00016496895531137312,0.0268901305981486,-0.006676626064566982]",0.006792824496297663,0.017737760287522976,-0.03727021445126425,0.05085586344385958,0.6815948057061385,-3.6584228690409093,5.21712260160797
conservative,2,kid5k_full,combined_vs_fixed,combined - fixed,log(combined / fixed),3,"[-0.020690351724624634,-0.08006557822227478,-0.02513408660888672]",-0.04196333885192871,0.033072226697136144,-0.12411930383379674,0.04019262612993932,3,0,0,3/3,"[-0.05834846785284897,-1.1939520895740219,-0.06066578860107308]",-0.43765544867598133,0.6549731286618614,-2.064698886518286,1.189387989166323,-35.44518309802753,-87.31435169851451,228.50700935475246
conservative,2,kid5k_full,additive_interaction,combined - global - local + fixed,log(combined * fixed / (global * local)),3,"[-0.0027940571308135986,9.684637188911438e-05,-0.0008990764617919922]",-0.001198762406905492,0.0014685671638568773,-0.004846885455656684,0.0024493606418457,2,1,0,2/3,"[-0.007614296361690087,0.01971925573664457,-0.0024687112773753572]",0.003212082699193042,0.014525299746692168,-0.03287076192655798,0.039294927324944065,0.3217246964695183,-3.23363895110512,4.0077185602626635
conservative,2,kid5k_full,global_main_effect,0.5 * [(global - fixed) + (combined - local)],0.5 * [log(global / fixed) + log(combined / local)],3,"[-0.02214418351650238,-0.080940717831254,-0.02289155125617981]",-0.04199215086797873,0.03373251830213883,-0.12578837111524502,0.04180406937928755,3,0,0,3/3,"[-0.062320584989005445,-1.2109825923038482,-0.055223518175193775]",-0.44284223182268245,0.6652385302577124,-2.0953863407191853,1.2097018770738202,-35.77914808367994,-87.69772942089786,235.24850509009943
conservative,2,kid5k_full,local_main_effect,0.5 * [(local - fixed) + (combined - global)],0.5 * [log(local / fixed) + log(combined / global)],3,"[0.0014538317918777466,0.0008751396089792252,-0.002242535352706909]",2.8812016050020855e-05,0.001988211586528515,-0.004910179330835175,0.004967803362935217,1,2,0,1/3,"[0.003972117136156472,0.017030502729826313,-0.005442270425879303]",0.005186783146701161,0.011285519193410207,-0.022848000484492807,0.03322156677789513,0.5200257793023043,-2.258896151282978,3.377956507539806
conservative,2,fid5k_full,global_at_local0,global - fixed,log(global / fixed),3,"[-12.121965180121322,-76.61583443421699,-15.089670110433985]",-34.6091565749241,36.40909991635547,-125.05437410267093,55.836060952822734,3,0,0,3/3,"[-0.03768500766643346,-0.9372493000635598,-0.04202896397779465]",-0.3389877572359293,0.5181142467728341,-1.6260548877403858,0.9480793732685273,-28.7508828102884,-80.32959349859433,158.0748242264587
conservative,2,fid5k_full,global_at_local1,combined - local,log(combined / local),3,"[-13.141786089426603,-72.94254169538176,-14.634912194579897]",-33.57307999312942,34.10312657858965,-118.28994222984846,51.14378224358962,3,0,0,3/3,"[-0.04076902357500245,-0.8563231513026826,-0.04087533497263074]",-0.31265583661677193,0.4708297087258514,-1.482261663788178,0.8569499905546341,-26.849837467455067,-77.2876569774095,135.59640118218968
conservative,2,fid5k_full,local_at_global0,local - fixed,log(local / fixed),3,"[1.1983688546986286,0.843509193788293,-1.222913156772961]",0.2729882972379869,1.3075825843209294,-2.9752268892427347,3.5212034837187085,1,2,0,1/3,"[0.0036495210045854876,0.006674767829475847,-0.0033411453245095757]",0.0023277145031839197,0.005137120632942655,-0.010433600502685192,0.015089029509053031,0.2330425733836934,-1.0379359300543562,1.5203443656636157
conservative,2,fid5k_full,local_at_global1,combined - global,log(combined / global),3,"[0.17854794539334762,4.516801932623515,-0.7681552409188726]",1.3090648790326636,2.8180213775765113,-5.691288249121824,8.309418007187151,1,2,0,1/3,"[0.0005655050960164942,0.08760091659035307,-0.0021875163193456615]",0.028659635122341303,0.05106320375325956,-0.09818839412686735,0.15550766437154995,2.9074274120727726,-9.35218874861386,16.825088994182313
conservative,2,fid5k_full,combined_vs_fixed,combined - fixed,log(combined / fixed),3,"[-11.943417234727974,-72.09903250159347,-15.857825351352858]",-33.30009169589143,33.65782232199749,-116.91075684325543,50.31057345147256,3,0,0,3/3,"[-0.03711950257041696,-0.8496483834732067,-0.044216480297140315]",-0.310328122113588,0.46707852659694066,-1.4706154963593525,0.8499592521321764,-26.67936644625487,-77.0215989569266,133.95515182476498
conservative,2,fid5k_full,additive_interaction,combined - global - local + fixed,log(combined * fixed / (global * local)),3,"[-1.019820909305281,3.6732927388352152,0.4547579158540884]",1.0360765817946742,2.399953639576993,-4.925738719509726,6.997891883099075,1,2,0,1/3,"[-0.0030840159085689933,0.08092614876087723,0.0011536290051639142]",0.026331920619157383,0.04732744149429945,-0.09123596078459978,0.14389980202291455,2.668166873943869,-8.719770006088243,15.476839727058492
conservative,2,fid5k_full,global_main_effect,0.5 * [(global - fixed) + (combined - local)],0.5 * [log(global / fixed) + log(combined / local)],3,"[-12.631875634773962,-74.77918806479937,-14.862291152506941]",-34.091118284026756,35.254545170930825,-121.6682628482144,53.48602628016088,3,0,0,3/3,"[-0.03922701562071795,-0.8967862256831212,-0.041452149475212696]",-0.3258217969263506,0.4944709516082078,-1.5541557266884085,0.9025121328357073,-27.80661732036831,-78.8632240510763,146.57897284439616
conservative,2,fid5k_full,local_main_effect,0.5 * [(local - fixed) + (combined - global)],0.5 * [log(local / fixed) + log(combined / global)],3,"[0.6884584000459881,2.680155563205904,-0.9955341988459168]",0.7910265881353252,1.83999021237046,-3.7797624560622194,5.36181563233287,1,2,0,1/3,"[0.002107513050300991,0.04713784220991446,-0.0027643308219276186]",0.015493674812762611,0.02751270094652775,-0.05285166268806168,0.0838390123135869,1.5614324087233533,-5.147929694138118,8.745381304283768
aggressive,1,kid5k_full,global_at_local0,global - fixed,log(global / fixed),3,"[-0.17631381750106812,-0.006878465414047241,-0.012379467487335205]",-0.06519058346748352,0.0962748415346122,-0.30435054636279757,0.1739693794278305,3,0,0,3/3,"[-0.6237718181868407,-0.022068773270998765,-0.029086874894311165]",-0.22497582211738354,0.3453852896380673,-1.0829604392588277,0.6330087950240606,-20.146447457582227,-66.14083396070781,88.32684320236659
aggressive,1,kid5k_full,global_at_local1,combined - local,log(combined / local),3,"[-0.18621079623699188,-0.01812279224395752,-0.00907045602798462]",-0.07113468150297801,0.09976156742177168,-0.3189561516052335,0.1766867885992775,3,0,0,3/3,"[-0.7045821742877283,-0.05693492380526877,-0.02156028354222017]",-0.26102579387840574,0.3845380842579832,-1.2162713439831156,0.694219756226304,-22.973894866105862,-70.36669665104422,100.21463021626916
aggressive,1,kid5k_full,local_at_global0,local - fixed,log(local / fixed),3,"[-0.011685729026794434,0.012319445610046387,-0.006569355726242065]",-0.001978546380996704,0.012643921471189251,-0.03338778831481742,0.02943069555282401,2,1,0,2/3,"[-0.031241317421130232,0.03834782221193622,-0.015329982690853616]",-0.0027411593000158754,0.03646259651330227,-0.09331926974076969,0.08783695114073793,-0.27374057533349416,-8.909736978101218,9.181008912499834
aggressive,1,kid5k_full,local_at_global1,combined - global,log(combined / global),3,"[-0.0215827077627182,0.0010751187801361084,-0.0032603442668914795]",-0.00792264441649119,0.012026930527995762,-0.0377991958911139,0.021953907058131522,2,1,0,2/3,"[-0.11205167352201784,0.0034816716776662204,-0.007803391338762622]",-0.03879113106103808,0.0636959062505508,-0.19702053276811293,0.11943827064603679,-3.8048390023226735,-17.882622783108886,12.686368135314272
aggressive,1,kid5k_full,combined_vs_fixed,combined - fixed,log(combined / fixed),3,"[-0.19789652526378632,-0.005803346633911133,-0.015639811754226685]",-0.07311322788397472,0.10817736588699907,-0.3418407001836436,0.19561424441569414,3,0,0,3/3,"[-0.7358234917088585,-0.018587101593332545,-0.03689026623307379]",-0.26376695317842164,0.4089153740518456,-1.2795690477516306,0.7520351413947872,-23.18474656945637,-72.18428529248142,112.13127980507073
aggressive,1,kid5k_full,additive_interaction,combined - global - local + fixed,log(combined * fixed / (global * local)),3,"[-0.009896978735923767,-0.011244326829910278,0.003309011459350586]",-0.005944098035494487,0.008041695294792404,-0.02592077644557046,0.014032580374581483,2,1,0,2/3,"[-0.0808103561008876,-0.03486615053427,0.007526591352090994]",-0.036049971761022204,0.04418037059430644,-0.14580009571460834,0.07370015219256393,-3.540791008667663,-13.566953071947028,7.648397573887583
aggressive,1,kid5k_full,global_main_effect,0.5 * [(global - fixed) + (combined - local)],0.5 * [log(global / fixed) + log(combined / local)],3,"[-0.18126230686903,-0.01250062882900238,-0.010724961757659912]",-0.06816263248523076,0.09795121493722332,-0.3114869377401531,0.17516167276969163,3,0,0,3/3,"[-0.6641769962372845,-0.039501848538133766,-0.02532357921826567]",-0.24300080799789467,0.3648181629046492,-1.1492593581347434,0.6632577421389542,-21.57291199179195,-68.31286293064117,94.1105666941109
aggressive,1,kid5k_full,local_main_effect,0.5 * [(local - fixed) + (combined - global)],0.5 * [log(local / fixed) + log(combined / global)],3,"[-0.016634218394756317,0.0066972821950912476,-0.0049148499965667725]",-0.004950595398743947,0.011665791368091876,-0.03393002747326246,0.024028836675774563,2,1,0,2/3,"[-0.07164649547157403,0.02091474694480122,-0.011566687014808119]",-0.02076614518052698,0.0469613503034448,-0.13742460565743045,0.0958923152963765,-2.055201357846826,-12.83999387664007,10.064053546238128
aggressive,1,fid5k_full,global_at_local0,global - fixed,log(global / fixed),3,"[-136.0720630560961,-20.735001629500744,-8.265460909829983]",-55.02417519847561,70.46589569483916,-230.07116287597844,120.02281247902724,3,0,0,3/3,"[-0.5149115212079325,-0.06838441202896917,-0.02245678697285669]",-0.20191757340325278,0.27203169890215484,-0.8776817707652282,0.4738466239587227,-18.283771892782717,-58.42544110242851,60.61606215768715
aggressive,1,fid5k_full,global_at_local1,combined - local,log(combined / local),3,"[-145.134184869573,-27.121193063857902,-5.739501755903916]",-59.331626563111605,75.07232139575437,-245.82160996151455,127.15835683529136,3,0,0,3/3,"[-0.5757492915718236,-0.08822913009657807,-0.015740194580827982]",-0.22657287208307655,0.3045599947272914,-0.983141835244543,0.52999609107839,-20.27387578913973,-62.58662163529861,69.89256676383151
aggressive,1,fid5k_full,local_at_global0,local - fixed,log(local / fixed),3,"[-6.54102692788922,7.4569197009525965,-4.69180455903745]",-1.258637261991358,7.604314941078261,-20.14880264853971,17.631528124556997,2,1,0,2/3,"[-0.01953530944695192,0.023492879000331257,-0.012685419808168952]",-0.0029092834182632052,0.023120032056622625,-0.060342626549889596,0.05452405971336318,-0.29050555542713336,-5.8558084676754705,5.603788407686464
aggressive,1,fid5k_full,local_at_global1,combined - global,log(combined / global),3,"[-15.603148741366113,1.070728266595438,-2.1658454051113836]",-5.566088626627352,8.841707080267712,-27.530106469106357,16.397929215851654,2,1,0,2/3,"[-0.08037307981084307,0.003648160932722355,-0.005968827416140243]",-0.027564582098086987,0.045985592191839425,-0.14179912506916476,0.08666996087299077,-2.718814570590878,-13.22044426484471,9.053670053732116
aggressive,1,fid5k_full,combined_vs_fixed,combined - fixed,log(combined / fixed),3,"[-151.67521179746223,-19.664273362905305,-10.431306314941367]",-60.590263825102966,79.01685092733538,-256.87900172026855,135.6984740700626,3,0,0,3/3,"[-0.5952846010187756,-0.06473625109624681,-0.028425614388996934]",-0.22948215550133977,0.3173140202455982,-1.0177338742103967,0.5587695632077173,-20.505484609099017,-63.85869797473042,74.85197331340629
aggressive,1,fid5k_full,additive_interaction,combined - global - local + fixed,log(combined * fixed / (global * local)),3,"[-9.062121813476892,-6.386191434357158,2.525959153926067]",-4.307451364635995,6.067270830848903,-19.37938753873992,10.76448480946793,2,1,0,2/3,"[-0.06083777036389115,-0.019844718067608902,0.0067165923920287085]",-0.024655298679823783,0.03403313453400328,-0.10919829104026549,0.059887693680617915,-2.435383940807772,-10.344737848083058,6.171730228709894
aggressive,1,fid5k_full,global_main_effect,0.5 * [(global - fixed) + (combined - local)],0.5 * [log(global / fixed) + log(combined / local)],3,"[-140.60312396283456,-23.928097346679323,-7.0024813328669495]",-57.17790088079361,72.7423192101955,-237.87983802160886,123.52403626002166,3,0,0,3/3,"[-0.5453304063898781,-0.07830677106277362,-0.019098490776842336]",-0.21424522274316468,0.2882524141033129,-0.9303039101692941,0.5018134646829647,-19.284957089034535,-60.55661802943945,65.17138811731586
aggressive,1,fid5k_full,local_main_effect,0.5 * [(local - fixed) + (combined - global)],0.5 * [log(local / fixed) + log(combined / global)],3,"[-11.072087834627666,4.263823983774017,-3.428824982074417]",-3.4123629443093555,7.667969162331291,-22.46065418129114,15.63592829267243,2,1,0,2/3,"[-0.0499541946288975,0.013570519966526806,-0.009327123612154598]",-0.015236932758175096,0.03217206434493004,-0.09515677050969114,0.06468290499334094,-1.5121438037402921,-9.076961721596245,6.682068723159502
aggressive,2,kid5k_full,global_at_local0,global - fixed,log(global / fixed),3,"[-0.02074715495109558,-0.08098914101719856,-0.022442013025283813]",-0.041392769664525986,0.034301932951321744,-0.12660349430567044,0.04381795497661847,3,0,0,3/3,"[-0.058513436808160346,-1.2208422201721705,-0.0539891625365061]",-0.444448273172279,0.6723806867898379,-2.1147344823307863,1.2258379359862281,-35.8822066470546,-87.93346759242922,240.70197514835598
aggressive,2,kid5k_full,global_at_local1,combined - local,log(combined / local),3,"[-0.017977416515350342,-0.12271123379468918,-0.022107213735580444]",-0.05426528801520666,0.059311882675446674,-0.20160417150546225,0.09307359547504893,3,0,0,3/3,"[-0.050782360969705564,-1.5137574512622818,-0.05407368652710909]",-0.5395378329196988,0.8437005433082624,-2.6354061554847137,1.5563304896453163,-41.698235832102085,-92.8310153729531,374.1390701641618
aggressive,2,kid5k_full,local_at_global0,local - fixed,log(local / fixed),3,"[-0.0019716620445251465,0.042463310062885284,-0.007010042667388916]",0.011160535116990408,0.027225798598208655,-0.05647209744571249,0.0787931676796933,2,1,0,2/3,"[-0.005415779159145817,0.3145532311919106,-0.016553282622267407]",0.09752805647016578,0.18803179476647203,-0.369568812687718,0.5646249256280496,10.244237177094094,-30.89677692623607,75.87879826945067
aggressive,2,kid5k_full,local_at_global1,combined - global,log(combined / global),3,"[0.0007980763912200928,0.0007412172853946686,-0.006675243377685547]",-0.0017119832336902618,0.004298403387562397,-0.01238980911522061,0.008965842647840087,1,2,0,1/3,"[0.0023152966793089647,0.021638000101799282,-0.0166378066128704]",0.0024384967227459495,0.019138200767123206,-0.045103429209198846,0.04998042265469075,0.24414722740118108,-4.410139111717851,5.125051548021696
aggressive,2,kid5k_full,combined_vs_fixed,combined - fixed,log(combined / fixed),3,"[-0.01994907855987549,-0.0802479237318039,-0.02911725640296936]",-0.04310475289821625,0.03249192554959549,-0.12381916992527373,0.03760966412884123,3,0,0,3/3,"[-0.05619814012885138,-1.1992042200703712,-0.0706269691493765]",-0.44200977644953304,0.6557893082876762,-2.071080716865868,1.1870611639668018,-35.72566483231257,-87.39505157347459,227.74351956527582
aggressive,2,kid5k_full,additive_interaction,combined - global - local + fixed,log(combined * fixed / (global * local)),3,"[0.0027697384357452393,-0.041722092777490616,0.00033479928970336914]",-0.01287251835068067,0.025014109830598943,-0.07501101147709732,0.049265974775735986,1,2,0,1/3,"[0.007731075838454782,-0.2929152310901113,-8.452399060299154e-05]",-0.09508955974741984,0.17136661892507515,-0.5207878374109778,0.33060871791613816,-9.07085050951822,-40.59476531017142,39.18150934395782
aggressive,2,kid5k_full,global_main_effect,0.5 * [(global - fixed) + (combined - local)],0.5 * [log(global / fixed) + log(combined / local)],3,"[-0.01936228573322296,-0.10185018740594387,-0.02227461338043213]",-0.04782902883986632,0.046806352055005794,-0.16410245232522944,0.06844439464549681,3,0,0,3/3,"[-0.054647898888932955,-1.3672998357172261,-0.05403142453180759]",-0.4919930530459889,0.7580379725665877,-2.375063754617458,1.3910776485254799,-38.85933867687204,-90.69914407034825,301.91789823470594
aggressive,2,kid5k_full,local_main_effect,0.5 * [(local - fixed) + (combined - global)],0.5 * [log(local / fixed) + log(combined / global)],3,"[-0.0005867928266525269,0.021602263674139977,-0.0068426430225372314]",0.004724275941650073,0.0149477010888597,-0.032407871780418165,0.041856423663718306,2,1,0,2/3,"[-0.0015502412399184262,0.16809561564685493,-0.016595544617568903]",0.04998327659645587,0.10256453463745986,-0.2048011500229471,0.30476770321585883,5.125351569224991,-18.51906748812308,35.63098999808669
aggressive,2,fid5k_full,global_at_local0,global - fixed,log(global / fixed),3,"[-12.121965180121322,-76.61583443421699,-15.089670110433985]",-34.6091565749241,36.40909991635547,-125.05437410267093,55.836060952822734,3,0,0,3/3,"[-0.03768500766643346,-0.9372493000635598,-0.04202896397779465]",-0.3389877572359293,0.5181142467728341,-1.6260548877403858,0.9480793732685273,-28.7508828102884,-80.32959349859433,158.0748242264587
aggressive,2,fid5k_full,global_at_local1,combined - local,log(combined / local),3,"[-11.397411244765408,-111.77641374477464,-14.17909319098601]",-45.78430606017535,57.16776317212607,-187.79690147055993,96.22828935020921,3,0,0,3/3,"[-0.0353808893405434,-1.1895342325372282,-0.03993358876340647]",-0.4216162368803927,0.6650403881030216,-2.0736681333815437,1.2304356596207584,-34.40142657734598,-87.42762366825288,242.27203525726298
aggressive,2,fid5k_full,local_at_global0,local - fixed,log(local / fixed),3,"[0.10247704138873814,34.73056947495195,-4.424378630314095]",10.136222628675531,21.41925601332402,-43.072158623763556,63.34460388111462,1,2,0,1/3,"[0.00031260561454082847,0.2435307275148757,-0.012141168031684302]",0.07723405503257741,0.14415169641222209,-0.28085860776187893,0.43532671782703375,8.029489526158551,-24.48649018260634,54.546790839197165
aggressive,2,fid5k_full,local_at_global1,combined - global,log(combined / global),3,"[0.827030976744652,-0.43000983560570916,-3.513801710866119]",-1.0389268565757253,2.2335603997380025,-6.587398438673719,4.509544725522269,2,1,0,2/3,"[0.0026167239404308873,-0.008754204958792755,-0.010045792817296118]",-0.005394424611885995,0.006967849427515278,-0.022703522024895843,0.011914672801123852,-0.5379900830988803,-2.244773646985341,1.1985935256816829
aggressive,2,fid5k_full,combined_vs_fixed,combined - fixed,log(combined / fixed),3,"[-11.29493420337667,-77.0458442698227,-18.603471821300104]",-35.64808343149982,36.0372672708182,-125.16961746839416,53.87345060539452,3,0,0,3/3,"[-0.03506828372600257,-0.9460035050223525,-0.05207475679509077]",-0.34438218184781527,0.5210887327560184,-1.6388383451050832,0.9500739814094528,-29.134195995064548,-80.57944889103526,158.59009608371687
aggressive,2,fid5k_full,additive_interaction,combined - global - local + fixed,log(combined * fixed / (global * local)),3,"[0.7245539353559138,-35.160579310557665,0.9105769194479763]",-11.175149485251259,20.772199788808507,-62.77615397986233,40.42585500935981,1,2,0,1/3,"[0.002304118325890059,-0.25228493247366846,0.0020953752143881843]",-0.0826284796444634,0.1469268351369581,-0.44761496915270976,0.28235800986378295,-7.930686006974863,-36.08492705917631,32.625344681911464
aggressive,2,fid5k_full,global_main_effect,0.5 * [(global - fixed) + (combined - local)],0.5 * [log(global / fixed) + log(combined / local)],3,"[-11.759688212443365,-94.19612408949581,-14.634381650709997]",-40.19673131754973,46.78692958931138,-156.42190672375975,76.02844408866031,3,0,0,3/3,"[-0.03653294850348843,-1.063391766300394,-0.04098127637060056]",-0.380301997058161,0.5915772743587762,-1.8498614035464203,1.0892574094300984,-31.63450837397147,-84.27410396624981,197.20662245494927
aggressive,2,fid5k_full,local_main_effect,0.5 * [(local - fixed) + (combined - global)],0.5 * [log(local / fixed) + log(combined / global)],3,"[0.46475400906669506,17.15027981967312,-3.969090170590107]",4.548647886049903,11.136228674701927,-23.115277540178255,32.21257331227806,1,2,0,1/3,"[0.0014646647774858579,0.11738826127804147,-0.01109348042449021]",0.03591981521034571,0.0708326021775444,-0.14003812186369008,0.2118777522843815,3.657272579248136,-13.067490552564099,23.599677805981813
