arm,profile,global_level,local_level,global_gap_scale,training_seed,nfe,kid5k_full,fid5k_full,run_label,run_dir,eval_dir,training_validation_path,kid_metric_path,fid_metric_path
fixed,shared,0,0,1.0,0,1,0.3799205422401428,338.1121480139137,fixed-g1p0000-seed0-256k,/root/autodl-tmp/ect_project/runs/gap-factorial-20260726/fixed-g1p0000-seed0-256k,/root/autodl-tmp/ect_project/runs/gap-factorial-20260726-eval/fixed-g1p0000-seed0-256k/nfe1,/root/autodl-tmp/ect_project/runs/gap-factorial-20260726/fixed-g1p0000-seed0-256k/validation.json,/root/autodl-tmp/ect_project/runs/gap-factorial-20260726-eval/fixed-g1p0000-seed0-256k/nfe1/metric-kid5k_full.jsonl,/root/autodl-tmp/ect_project/runs/gap-factorial-20260726-eval/fixed-g1p0000-seed0-256k/nfe1/metric-fid5k_full.jsonl
fixed,shared,0,0,1.0,0,2,0.3650455176830292,327.7645058439099,fixed-g1p0000-seed0-256k,/root/autodl-tmp/ect_project/runs/gap-factorial-20260726/fixed-g1p0000-seed0-256k,/root/autodl-tmp/ect_project/runs/gap-factorial-20260726-eval/fixed-g1p0000-seed0-256k/nfe2,/root/autodl-tmp/ect_project/runs/gap-factorial-20260726/fixed-g1p0000-seed0-256k/validation.json,/root/autodl-tmp/ect_project/runs/gap-factorial-20260726-eval/fixed-g1p0000-seed0-256k/nfe2/metric-kid5k_full.jsonl,/root/autodl-tmp/ect_project/runs/gap-factorial-20260726-eval/fixed-g1p0000-seed0-256k/nfe2/metric-fid5k_full.jsonl
fixed,shared,0,0,1.0,1,1,0.31513506174087524,313.698053239087,fixed-g1p0000-seed1-256k,/root/autodl-tmp/ect_project/runs/gap-factorial-20260726/fixed-g1p0000-seed1-256k,/root/autodl-tmp/ect_project/runs/gap-factorial-20260726-eval/fixed-g1p0000-seed1-256k/nfe1,/root/autodl-tmp/ect_project/runs/gap-factorial-20260726/fixed-g1p0000-seed1-256k/validation.json,/root/autodl-tmp/ect_project/runs/gap-factorial-20260726-eval/fixed-g1p0000-seed1-256k/nfe1/metric-kid5k_full.jsonl,/root/autodl-tmp/ect_project/runs/gap-factorial-20260726-eval/fixed-g1p0000-seed1-256k/nfe1/metric-fid5k_full.jsonl
fixed,shared,0,0,1.0,1,2,0.11487521976232529,125.95152864547677,fixed-g1p0000-seed1-256k,/root/autodl-tmp/ect_project/runs/gap-factorial-20260726/fixed-g1p0000-seed1-256k,/root/autodl-tmp/ect_project/runs/gap-factorial-20260726-eval/fixed-g1p0000-seed1-256k/nfe2,/root/autodl-tmp/ect_project/runs/gap-factorial-20260726/fixed-g1p0000-seed1-256k/validation.json,/root/autodl-tmp/ect_project/runs/gap-factorial-20260726-eval/fixed-g1p0000-seed1-256k/nfe2/metric-kid5k_full.jsonl,/root/autodl-tmp/ect_project/runs/gap-factorial-20260726-eval/fixed-g1p0000-seed1-256k/nfe2/metric-fid5k_full.jsonl
fixed,shared,0,0,1.0,2,1,0.4318229556083679,372.20890617458747,fixed-g1p0000-seed2-256k,/root/autodl-tmp/ect_project/runs/gap-factorial-20260726/fixed-g1p0000-seed2-256k,/root/autodl-tmp/ect_project/runs/gap-factorial-20260726-eval/fixed-g1p0000-seed2-256k/nfe1,/root/autodl-tmp/ect_project/runs/gap-factorial-20260726/fixed-g1p0000-seed2-256k/validation.json,/root/autodl-tmp/ect_project/runs/gap-factorial-20260726-eval/fixed-g1p0000-seed2-256k/nfe1/metric-kid5k_full.jsonl,/root/autodl-tmp/ect_project/runs/gap-factorial-20260726-eval/fixed-g1p0000-seed2-256k/nfe1/metric-fid5k_full.jsonl
fixed,shared,0,0,1.0,2,2,0.42699822783470154,366.6279496181853,fixed-g1p0000-seed2-256k,/root/autodl-tmp/ect_project/runs/gap-factorial-20260726/fixed-g1p0000-seed2-256k,/root/autodl-tmp/ect_project/runs/gap-factorial-20260726-eval/fixed-g1p0000-seed2-256k/nfe2,/root/autodl-tmp/ect_project/runs/gap-factorial-20260726/fixed-g1p0000-seed2-256k/validation.json,/root/autodl-tmp/ect_project/runs/gap-factorial-20260726-eval/fixed-g1p0000-seed2-256k/nfe2/metric-kid5k_full.jsonl,/root/autodl-tmp/ect_project/runs/gap-factorial-20260726-eval/fixed-g1p0000-seed2-256k/nfe2/metric-fid5k_full.jsonl
global,shared,1,0,1.1,0,1,0.2036067247390747,202.0400849578176,global-g1p1000-seed0-256k,/root/autodl-tmp/ect_project/runs/gap-factorial-20260726/global-g1p1000-seed0-256k,/root/autodl-tmp/ect_project/runs/gap-factorial-20260726-eval/global-g1p1000-seed0-256k/nfe1,/root/autodl-tmp/ect_project/runs/gap-factorial-20260726/global-g1p1000-seed0-256k/validation.json,/root/autodl-tmp/ect_project/runs/gap-factorial-20260726-eval/global-g1p1000-seed0-256k/nfe1/metric-kid5k_full.jsonl,/root/autodl-tmp/ect_project/runs/gap-factorial-20260726-eval/global-g1p1000-seed0-256k/nfe1/metric-fid5k_full.jsonl
global,shared,1,0,1.1,0,2,0.3442983627319336,315.64254066378857,global-g1p1000-seed0-256k,/root/autodl-tmp/ect_project/runs/gap-factorial-20260726/global-g1p1000-seed0-256k,/root/autodl-tmp/ect_project/runs/gap-factorial-20260726-eval/global-g1p1000-seed0-256k/nfe2,/root/autodl-tmp/ect_project/runs/gap-factorial-20260726/global-g1p1000-seed0-256k/validation.json,/root/autodl-tmp/ect_project/runs/gap-factorial-20260726-eval/global-g1p1000-seed0-256k/nfe2/metric-kid5k_full.jsonl,/root/autodl-tmp/ect_project/runs/gap-factorial-20260726-eval/global-g1p1000-seed0-256k/nfe2/metric-fid5k_full.jsonl
global,shared,1,0,1.1,1,1,0.308256596326828,292.9630516095863,global-g1p1000-seed1-256k,/root/autodl-tmp/ect_project/runs/gap-factorial-20260726/global-g1p1000-seed1-256k,/root/autodl-tmp/ect_project/runs/gap-factorial-20260726-eval/global-g1p1000-seed1-256k/nfe1,/root/autodl-tmp/ect_project/runs/gap-factorial-20260726/global-g1p1000-seed1-256k/validation.json,/root/autodl-tmp/ect_project/runs/gap-factorial-20260726-eval/global-g1p1000-seed1-256k/nfe1/metric-kid5k_full.jsonl,/root/autodl-tmp/ect_project/runs/gap-factorial-20260726-eval/global-g1p1000-seed1-256k/nfe1/metric-fid5k_full.jsonl
global,shared,1,0,1.1,1,2,0.033886078745126724,49.335694211259785,global-g1p1000-seed1-256k,/root/autodl-tmp/ect_project/runs/gap-factorial-20260726/global-g1p1000-seed1-256k,/root/autodl-tmp/ect_project/runs/gap-factorial-20260726-eval/global-g1p1000-seed1-256k/nfe2,/root/autodl-tmp/ect_project/runs/gap-factorial-20260726/global-g1p1000-seed1-256k/validation.json,/root/autodl-tmp/ect_project/runs/gap-factorial-20260726-eval/global-g1p1000-seed1-256k/nfe2/metric-kid5k_full.jsonl,/root/autodl-tmp/ect_project/runs/gap-factorial-20260726-eval/global-g1p1000-seed1-256k/nfe2/metric-fid5k_full.jsonl
global,shared,1,0,1.1,2,1,0.4194434881210327,363.9434452647575,global-g1p1000-seed2-256k,/root/autodl-tmp/ect_project/runs/gap-factorial-20260726/global-g1p1000-seed2-256k,/root/autodl-tmp/ect_project/runs/gap-factorial-20260726-eval/global-g1p1000-seed2-256k/nfe1,/root/autodl-tmp/ect_project/runs/gap-factorial-20260726/global-g1p1000-seed2-256k/validation.json,/root/autodl-tmp/ect_project/runs/gap-factorial-20260726-eval/global-g1p1000-seed2-256k/nfe1/metric-kid5k_full.jsonl,/root/autodl-tmp/ect_project/runs/gap-factorial-20260726-eval/global-g1p1000-seed2-256k/nfe1/metric-fid5k_full.jsonl
global,shared,1,0,1.1,2,2,0.4045562148094177,351.5382795077513,global-g1p1000-seed2-256k,/root/autodl-tmp/ect_project/runs/gap-factorial-20260726/global-g1p1000-seed2-256k,/root/autodl-tmp/ect_project/runs/gap-factorial-20260726-eval/global-g1p1000-seed2-256k/nfe2,/root/autodl-tmp/ect_project/runs/gap-factorial-20260726/global-g1p1000-seed2-256k/validation.json,/root/autodl-tmp/ect_project/runs/gap-factorial-20260726-eval/global-g1p1000-seed2-256k/nfe2/metric-kid5k_full.jsonl,/root/autodl-tmp/ect_project/runs/gap-factorial-20260726-eval/global-g1p1000-seed2-256k/nfe2/metric-fid5k_full.jsonl
local-conservative,conservative,0,1,1.0,0,1,0.3824406862258911,339.3305581385323,local-conservative-g1p0000-seed0-256k,/root/autodl-tmp/ect_project/runs/gap-factorial-20260726/local-conservative-g1p0000-seed0-256k,/root/autodl-tmp/ect_project/runs/gap-factorial-20260726-eval/local-conservative-g1p0000-seed0-256k/nfe1,/root/autodl-tmp/ect_project/runs/gap-factorial-20260726/local-conservative-g1p0000-seed0-256k/validation.json,/root/autodl-tmp/ect_project/runs/gap-factorial-20260726-eval/local-conservative-g1p0000-seed0-256k/nfe1/metric-kid5k_full.jsonl,/root/autodl-tmp/ect_project/runs/gap-factorial-20260726-eval/local-conservative-g1p0000-seed0-256k/nfe1/metric-fid5k_full.jsonl
local-conservative,conservative,0,1,1.0,0,2,0.3678963780403137,328.9628746986085,local-conservative-g1p0000-seed0-256k,/root/autodl-tmp/ect_project/runs/gap-factorial-20260726/local-conservative-g1p0000-seed0-256k,/root/autodl-tmp/ect_project/runs/gap-factorial-20260726-eval/local-conservative-g1p0000-seed0-256k/nfe2,/root/autodl-tmp/ect_project/runs/gap-factorial-20260726/local-conservative-g1p0000-seed0-256k/validation.json,/root/autodl-tmp/ect_project/runs/gap-factorial-20260726-eval/local-conservative-g1p0000-seed0-256k/nfe2/metric-kid5k_full.jsonl,/root/autodl-tmp/ect_project/runs/gap-factorial-20260726-eval/local-conservative-g1p0000-seed0-256k/nfe2/metric-fid5k_full.jsonl
local-conservative,conservative,0,1,1.0,1,1,0.3144112527370453,313.41088898915405,local-conservative-g1p0000-seed1-256k,/root/autodl-tmp/ect_project/runs/gap-factorial-20260726/local-conservative-g1p0000-seed1-256k,/root/autodl-tmp/ect_project/runs/gap-factorial-20260726-eval/local-conservative-g1p0000-seed1-256k/nfe1,/root/autodl-tmp/ect_project/runs/gap-factorial-20260726/local-conservative-g1p0000-seed1-256k/validation.json,/root/autodl-tmp/ect_project/runs/gap-factorial-20260726-eval/local-conservative-g1p0000-seed1-256k/nfe1/metric-kid5k_full.jsonl,/root/autodl-tmp/ect_project/runs/gap-factorial-20260726-eval/local-conservative-g1p0000-seed1-256k/nfe1/metric-fid5k_full.jsonl
local-conservative,conservative,0,1,1.0,1,2,0.11570193618535995,126.79503783926506,local-conservative-g1p0000-seed1-256k,/root/autodl-tmp/ect_project/runs/gap-factorial-20260726/local-conservative-g1p0000-seed1-256k,/root/autodl-tmp/ect_project/runs/gap-factorial-20260726-eval/local-conservative-g1p0000-seed1-256k/nfe2,/root/autodl-tmp/ect_project/runs/gap-factorial-20260726/local-conservative-g1p0000-seed1-256k/validation.json,/root/autodl-tmp/ect_project/runs/gap-factorial-20260726-eval/local-conservative-g1p0000-seed1-256k/nfe2/metric-kid5k_full.jsonl,/root/autodl-tmp/ect_project/runs/gap-factorial-20260726-eval/local-conservative-g1p0000-seed1-256k/nfe2/metric-fid5k_full.jsonl
local-conservative,conservative,0,1,1.0,2,1,0.4325007200241089,372.23767686700876,local-conservative-g1p0000-seed2-256k,/root/autodl-tmp/ect_project/runs/gap-factorial-20260726/local-conservative-g1p0000-seed2-256k,/root/autodl-tmp/ect_project/runs/gap-factorial-20260726-eval/local-conservative-g1p0000-seed2-256k/nfe1,/root/autodl-tmp/ect_project/runs/gap-factorial-20260726/local-conservative-g1p0000-seed2-256k/validation.json,/root/autodl-tmp/ect_project/runs/gap-factorial-20260726-eval/local-conservative-g1p0000-seed2-256k/nfe1/metric-kid5k_full.jsonl,/root/autodl-tmp/ect_project/runs/gap-factorial-20260726-eval/local-conservative-g1p0000-seed2-256k/nfe1/metric-fid5k_full.jsonl
local-conservative,conservative,0,1,1.0,2,2,0.4252052307128906,365.40503646141235,local-conservative-g1p0000-seed2-256k,/root/autodl-tmp/ect_project/runs/gap-factorial-20260726/local-conservative-g1p0000-seed2-256k,/root/autodl-tmp/ect_project/runs/gap-factorial-20260726-eval/local-conservative-g1p0000-seed2-256k/nfe2,/root/autodl-tmp/ect_project/runs/gap-factorial-20260726/local-conservative-g1p0000-seed2-256k/validation.json,/root/autodl-tmp/ect_project/runs/gap-factorial-20260726-eval/local-conservative-g1p0000-seed2-256k/nfe2/metric-kid5k_full.jsonl,/root/autodl-tmp/ect_project/runs/gap-factorial-20260726-eval/local-conservative-g1p0000-seed2-256k/nfe2/metric-fid5k_full.jsonl
combined-conservative,conservative,1,1,1.1,0,1,0.17566056549549103,182.1057881874951,combined-conservative-g1p1000-seed0-256k,/root/autodl-tmp/ect_project/runs/gap-factorial-20260726/combined-conservative-g1p1000-seed0-256k,/root/autodl-tmp/ect_project/runs/gap-factorial-20260726-eval/combined-conservative-g1p1000-seed0-256k/nfe1,/root/autodl-tmp/ect_project/runs/gap-factorial-20260726/combined-conservative-g1p1000-seed0-256k/validation.json,/root/autodl-tmp/ect_project/runs/gap-factorial-20260726-eval/combined-conservative-g1p1000-seed0-256k/nfe1/metric-kid5k_full.jsonl,/root/autodl-tmp/ect_project/runs/gap-factorial-20260726-eval/combined-conservative-g1p1000-seed0-256k/nfe1/metric-fid5k_full.jsonl
combined-conservative,conservative,1,1,1.1,0,2,0.34435516595840454,315.8210886091819,combined-conservative-g1p1000-seed0-256k,/root/autodl-tmp/ect_project/runs/gap-factorial-20260726/combined-conservative-g1p1000-seed0-256k,/root/autodl-tmp/ect_project/runs/gap-factorial-20260726-eval/combined-conservative-g1p1000-seed0-256k/nfe2,/root/autodl-tmp/ect_project/runs/gap-factorial-20260726/combined-conservative-g1p1000-seed0-256k/validation.json,/root/autodl-tmp/ect_project/runs/gap-factorial-20260726-eval/combined-conservative-g1p1000-seed0-256k/nfe2/metric-kid5k_full.jsonl,/root/autodl-tmp/ect_project/runs/gap-factorial-20260726-eval/combined-conservative-g1p1000-seed0-256k/nfe2/metric-fid5k_full.jsonl
combined-conservative,conservative,1,1,1.1,1,1,0.3233996033668518,307.0806923717147,combined-conservative-g1p1000-seed1-256k,/root/autodl-tmp/ect_project/runs/gap-factorial-20260726/combined-conservative-g1p1000-seed1-256k,/root/autodl-tmp/ect_project/runs/gap-factorial-20260726-eval/combined-conservative-g1p1000-seed1-256k/nfe1,/root/autodl-tmp/ect_project/runs/gap-factorial-20260726/combined-conservative-g1p1000-seed1-256k/validation.json,/root/autodl-tmp/ect_project/runs/gap-factorial-20260726-eval/combined-conservative-g1p1000-seed1-256k/nfe1/metric-kid5k_full.jsonl,/root/autodl-tmp/ect_project/runs/gap-factorial-20260726-eval/combined-conservative-g1p1000-seed1-256k/nfe1/metric-fid5k_full.jsonl
combined-conservative,conservative,1,1,1.1,1,2,0.03480964154005051,53.8524961438833,combined-conservative-g1p1000-seed1-256k,/root/autodl-tmp/ect_project/runs/gap-factorial-20260726/combined-conservative-g1p1000-seed1-256k,/root/autodl-tmp/ect_project/runs/gap-factorial-20260726-eval/combined-conservative-g1p1000-seed1-256k/nfe2,/root/autodl-tmp/ect_project/runs/gap-factorial-20260726/combined-conservative-g1p1000-seed1-256k/validation.json,/root/autodl-tmp/ect_project/runs/gap-factorial-20260726-eval/combined-conservative-g1p1000-seed1-256k/nfe2/metric-kid5k_full.jsonl,/root/autodl-tmp/ect_project/runs/gap-factorial-20260726-eval/combined-conservative-g1p1000-seed1-256k/nfe2/metric-fid5k_full.jsonl
combined-conservative,conservative,1,1,1.1,2,1,0.42062148451805115,365.25941947117315,combined-conservative-g1p1000-seed2-256k,/root/autodl-tmp/ect_project/runs/gap-factorial-20260726/combined-conservative-g1p1000-seed2-256k,/root/autodl-tmp/ect_project/runs/gap-factorial-20260726-eval/combined-conservative-g1p1000-seed2-256k/nfe1,/root/autodl-tmp/ect_project/runs/gap-factorial-20260726/combined-conservative-g1p1000-seed2-256k/validation.json,/root/autodl-tmp/ect_project/runs/gap-factorial-20260726-eval/combined-conservative-g1p1000-seed2-256k/nfe1/metric-kid5k_full.jsonl,/root/autodl-tmp/ect_project/runs/gap-factorial-20260726-eval/combined-conservative-g1p1000-seed2-256k/nfe1/metric-fid5k_full.jsonl
combined-conservative,conservative,1,1,1.1,2,2,0.4018641412258148,350.77012426683245,combined-conservative-g1p1000-seed2-256k,/root/autodl-tmp/ect_project/runs/gap-factorial-20260726/combined-conservative-g1p1000-seed2-256k,/root/autodl-tmp/ect_project/runs/gap-factorial-20260726-eval/combined-conservative-g1p1000-seed2-256k/nfe2,/root/autodl-tmp/ect_project/runs/gap-factorial-20260726/combined-conservative-g1p1000-seed2-256k/validation.json,/root/autodl-tmp/ect_project/runs/gap-factorial-20260726-eval/combined-conservative-g1p1000-seed2-256k/nfe2/metric-kid5k_full.jsonl,/root/autodl-tmp/ect_project/runs/gap-factorial-20260726-eval/combined-conservative-g1p1000-seed2-256k/nfe2/metric-fid5k_full.jsonl
local-aggressive,aggressive,0,1,1.0,0,1,0.3682348132133484,331.5711210860245,local-aggressive-g1p0000-seed0-256k,/root/autodl-tmp/ect_project/runs/gap-factorial-20260726/local-aggressive-g1p0000-seed0-256k,/root/autodl-tmp/ect_project/runs/gap-factorial-20260726-eval/local-aggressive-g1p0000-seed0-256k/nfe1,/root/autodl-tmp/ect_project/runs/gap-factorial-20260726/local-aggressive-g1p0000-seed0-256k/validation.json,/root/autodl-tmp/ect_project/runs/gap-factorial-20260726-eval/local-aggressive-g1p0000-seed0-256k/nfe1/metric-kid5k_full.jsonl,/root/autodl-tmp/ect_project/runs/gap-factorial-20260726-eval/local-aggressive-g1p0000-seed0-256k/nfe1/metric-fid5k_full.jsonl
local-aggressive,aggressive,0,1,1.0,0,2,0.36307385563850403,327.8669828852986,local-aggressive-g1p0000-seed0-256k,/root/autodl-tmp/ect_project/runs/gap-factorial-20260726/local-aggressive-g1p0000-seed0-256k,/root/autodl-tmp/ect_project/runs/gap-factorial-20260726-eval/local-aggressive-g1p0000-seed0-256k/nfe2,/root/autodl-tmp/ect_project/runs/gap-factorial-20260726/local-aggressive-g1p0000-seed0-256k/validation.json,/root/autodl-tmp/ect_project/runs/gap-factorial-20260726-eval/local-aggressive-g1p0000-seed0-256k/nfe2/metric-kid5k_full.jsonl,/root/autodl-tmp/ect_project/runs/gap-factorial-20260726-eval/local-aggressive-g1p0000-seed0-256k/nfe2/metric-fid5k_full.jsonl
local-aggressive,aggressive,0,1,1.0,1,1,0.32745450735092163,321.1549729400396,local-aggressive-g1p0000-seed1-256k,/root/autodl-tmp/ect_project/runs/gap-factorial-20260726/local-aggressive-g1p0000-seed1-256k,/root/autodl-tmp/ect_project/runs/gap-factorial-20260726-eval/local-aggressive-g1p0000-seed1-256k/nfe1,/root/autodl-tmp/ect_project/runs/gap-factorial-20260726/local-aggressive-g1p0000-seed1-256k/validation.json,/root/autodl-tmp/ect_project/runs/gap-factorial-20260726-eval/local-aggressive-g1p0000-seed1-256k/nfe1/metric-kid5k_full.jsonl,/root/autodl-tmp/ect_project/runs/gap-factorial-20260726-eval/local-aggressive-g1p0000-seed1-256k/nfe1/metric-fid5k_full.jsonl
local-aggressive,aggressive,0,1,1.0,1,2,0.15733852982521057,160.68209812042872,local-aggressive-g1p0000-seed1-256k,/root/autodl-tmp/ect_project/runs/gap-factorial-20260726/local-aggressive-g1p0000-seed1-256k,/root/autodl-tmp/ect_project/runs/gap-factorial-20260726-eval/local-aggressive-g1p0000-seed1-256k/nfe2,/root/autodl-tmp/ect_project/runs/gap-factorial-20260726/local-aggressive-g1p0000-seed1-256k/validation.json,/root/autodl-tmp/ect_project/runs/gap-factorial-20260726-eval/local-aggressive-g1p0000-seed1-256k/nfe2/metric-kid5k_full.jsonl,/root/autodl-tmp/ect_project/runs/gap-factorial-20260726-eval/local-aggressive-g1p0000-seed1-256k/nfe2/metric-fid5k_full.jsonl
local-aggressive,aggressive,0,1,1.0,2,1,0.42525359988212585,367.51710161555,local-aggressive-g1p0000-seed2-256k,/root/autodl-tmp/ect_project/runs/gap-factorial-20260726/local-aggressive-g1p0000-seed2-256k,/root/autodl-tmp/ect_project/runs/gap-factorial-20260726-eval/local-aggressive-g1p0000-seed2-256k/nfe1,/root/autodl-tmp/ect_project/runs/gap-factorial-20260726/local-aggressive-g1p0000-seed2-256k/validation.json,/root/autodl-tmp/ect_project/runs/gap-factorial-20260726-eval/local-aggressive-g1p0000-seed2-256k/nfe1/metric-kid5k_full.jsonl,/root/autodl-tmp/ect_project/runs/gap-factorial-20260726-eval/local-aggressive-g1p0000-seed2-256k/nfe1/metric-fid5k_full.jsonl
local-aggressive,aggressive,0,1,1.0,2,2,0.4199881851673126,362.2035709878712,local-aggressive-g1p0000-seed2-256k,/root/autodl-tmp/ect_project/runs/gap-factorial-20260726/local-aggressive-g1p0000-seed2-256k,/root/autodl-tmp/ect_project/runs/gap-factorial-20260726-eval/local-aggressive-g1p0000-seed2-256k/nfe2,/root/autodl-tmp/ect_project/runs/gap-factorial-20260726/local-aggressive-g1p0000-seed2-256k/validation.json,/root/autodl-tmp/ect_project/runs/gap-factorial-20260726-eval/local-aggressive-g1p0000-seed2-256k/nfe2/metric-kid5k_full.jsonl,/root/autodl-tmp/ect_project/runs/gap-factorial-20260726-eval/local-aggressive-g1p0000-seed2-256k/nfe2/metric-fid5k_full.jsonl
combined-aggressive,aggressive,1,1,1.1,0,1,0.1820240169763565,186.4369362164515,combined-aggressive-g1p1000-seed0-256k,/root/autodl-tmp/ect_project/runs/gap-factorial-20260726/combined-aggressive-g1p1000-seed0-256k,/root/autodl-tmp/ect_project/runs/gap-factorial-20260726-eval/combined-aggressive-g1p1000-seed0-256k/nfe1,/root/autodl-tmp/ect_project/runs/gap-factorial-20260726/combined-aggressive-g1p1000-seed0-256k/validation.json,/root/autodl-tmp/ect_project/runs/gap-factorial-20260726-eval/combined-aggressive-g1p1000-seed0-256k/nfe1/metric-kid5k_full.jsonl,/root/autodl-tmp/ect_project/runs/gap-factorial-20260726-eval/combined-aggressive-g1p1000-seed0-256k/nfe1/metric-fid5k_full.jsonl
combined-aggressive,aggressive,1,1,1.1,0,2,0.3450964391231537,316.4695716405332,combined-aggressive-g1p1000-seed0-256k,/root/autodl-tmp/ect_project/runs/gap-factorial-20260726/combined-aggressive-g1p1000-seed0-256k,/root/autodl-tmp/ect_project/runs/gap-factorial-20260726-eval/combined-aggressive-g1p1000-seed0-256k/nfe2,/root/autodl-tmp/ect_project/runs/gap-factorial-20260726/combined-aggressive-g1p1000-seed0-256k/validation.json,/root/autodl-tmp/ect_project/runs/gap-factorial-20260726-eval/combined-aggressive-g1p1000-seed0-256k/nfe2/metric-kid5k_full.jsonl,/root/autodl-tmp/ect_project/runs/gap-factorial-20260726-eval/combined-aggressive-g1p1000-seed0-256k/nfe2/metric-fid5k_full.jsonl
combined-aggressive,aggressive,1,1,1.1,1,1,0.3093317151069641,294.0337798761817,combined-aggressive-g1p1000-seed1-256k,/root/autodl-tmp/ect_project/runs/gap-factorial-20260726/combined-aggressive-g1p1000-seed1-256k,/root/autodl-tmp/ect_project/runs/gap-factorial-20260726-eval/combined-aggressive-g1p1000-seed1-256k/nfe1,/root/autodl-tmp/ect_project/runs/gap-factorial-20260726/combined-aggressive-g1p1000-seed1-256k/validation.json,/root/autodl-tmp/ect_project/runs/gap-factorial-20260726-eval/combined-aggressive-g1p1000-seed1-256k/nfe1/metric-kid5k_full.jsonl,/root/autodl-tmp/ect_project/runs/gap-factorial-20260726-eval/combined-aggressive-g1p1000-seed1-256k/nfe1/metric-fid5k_full.jsonl
combined-aggressive,aggressive,1,1,1.1,1,2,0.03462729603052139,48.905684375654076,combined-aggressive-g1p1000-seed1-256k,/root/autodl-tmp/ect_project/runs/gap-factorial-20260726/combined-aggressive-g1p1000-seed1-256k,/root/autodl-tmp/ect_project/runs/gap-factorial-20260726-eval/combined-aggressive-g1p1000-seed1-256k/nfe2,/root/autodl-tmp/ect_project/runs/gap-factorial-20260726/combined-aggressive-g1p1000-seed1-256k/validation.json,/root/autodl-tmp/ect_project/runs/gap-factorial-20260726-eval/combined-aggressive-g1p1000-seed1-256k/nfe2/metric-kid5k_full.jsonl,/root/autodl-tmp/ect_project/runs/gap-factorial-20260726-eval/combined-aggressive-g1p1000-seed1-256k/nfe2/metric-fid5k_full.jsonl
combined-aggressive,aggressive,1,1,1.1,2,1,0.41618314385414124,361.7775998596461,combined-aggressive-g1p1000-seed2-256k,/root/autodl-tmp/ect_project/runs/gap-factorial-20260726/combined-aggressive-g1p1000-seed2-256k,/root/autodl-tmp/ect_project/runs/gap-factorial-20260726-eval/combined-aggressive-g1p1000-seed2-256k/nfe1,/root/autodl-tmp/ect_project/runs/gap-factorial-20260726/combined-aggressive-g1p1000-seed2-256k/validation.json,/root/autodl-tmp/ect_project/runs/gap-factorial-20260726-eval/combined-aggressive-g1p1000-seed2-256k/nfe1/metric-kid5k_full.jsonl,/root/autodl-tmp/ect_project/runs/gap-factorial-20260726-eval/combined-aggressive-g1p1000-seed2-256k/nfe1/metric-fid5k_full.jsonl
combined-aggressive,aggressive,1,1,1.1,2,2,0.3978809714317322,348.0244777968852,combined-aggressive-g1p1000-seed2-256k,/root/autodl-tmp/ect_project/runs/gap-factorial-20260726/combined-aggressive-g1p1000-seed2-256k,/root/autodl-tmp/ect_project/runs/gap-factorial-20260726-eval/combined-aggressive-g1p1000-seed2-256k/nfe2,/root/autodl-tmp/ect_project/runs/gap-factorial-20260726/combined-aggressive-g1p1000-seed2-256k/validation.json,/root/autodl-tmp/ect_project/runs/gap-factorial-20260726-eval/combined-aggressive-g1p1000-seed2-256k/nfe2/metric-kid5k_full.jsonl,/root/autodl-tmp/ect_project/runs/gap-factorial-20260726-eval/combined-aggressive-g1p1000-seed2-256k/nfe2/metric-fid5k_full.jsonl
