budget_kimg,nfe,metric,contrast,paired_seed_count,mean,sample_std,min,max,negative_count,positive_count,zero_count
256,1,fid50k_full,B-A,3,-11.540814456108214,9.086102356409418,-21.37705394180972,-3.4614369546914645,3,0,0
256,1,fid50k_full,B-C,3,-1.673216063622893,5.265674083215484,-7.667366291024223,2.2070044736381647,1,2,0
256,1,fid50k_full,B-D,3,-14.340494377457807,6.934838046851547,-18.727054737798767,-6.345443356425562,3,0,0
256,1,fid50k_full,C-A,3,-9.86759839248532,4.032497143515899,-13.709687650785497,-5.668441428329629,3,0,0
256,1,fid50k_full,D-A,3,2.7996799213495933,10.129666016271356,-3.438509115397892,14.487548083457625,2,1,0
256,1,fid50k_full,interaction_B-C-D+A,3,-4.472895984972486,8.093630132479655,-12.28054360981946,3.879222741915271,2,1,0
256,1,kid50k_full,B-A,3,-0.016224722425759137,0.02052734983239111,-0.03989483709209213,-0.0033096906006006566,3,0,0
256,1,kid50k_full,B-C,3,-0.008930268516016008,0.018363901835039418,-0.03008529248248254,0.002904864769769866,1,2,0
256,1,kid50k_full,B-D,3,-0.02134362247914584,0.015385196370906407,-0.03137989272272279,-0.0036306369419420448,3,0,0
256,1,kid50k_full,C-A,3,-0.00729445390974313,0.003195092333577958,-0.009809544609609588,-0.0036993127652653057,3,0,0
256,1,kid50k_full,D-A,3,0.005118900053386703,0.016562506695076563,-0.008514944369369337,0.023550698188188057,1,2,0
256,1,kid50k_full,interaction_B-C-D+A,3,-0.014049168569402712,0.012235147305124483,-0.021570348113113202,6.867582332326094e-05,2,1,0
256,2,fid50k_full,B-A,3,-48.07700479184317,78.14240028891442,-138.27692421923075,-0.9238465045759341,3,0,0
256,2,fid50k_full,B-C,3,-61.35084718275762,114.64657544849769,-193.60601378835946,9.803210198504729,2,1,0
256,2,fid50k_full,B-D,3,-54.47083867049462,45.26982075727935,-94.17272554826828,-5.172029347056025,3,0,0
256,2,fid50k_full,C-A,3,13.273842390914448,36.542074772014395,-10.727056703080663,55.32908956912871,2,1,0
256,2,fid50k_full,D-A,3,6.393833878651454,53.89671168569897,-44.10419867096246,63.143914611583625,1,2,0
256,2,fid50k_full,interaction_B-C-D+A,3,-67.74468106140908,75.5915052274895,-149.50181511739703,-0.3915236537513209,3,0,0
256,2,kid50k_full,B-A,3,-0.05740881214047383,0.09281753957835773,-0.1645552772147147,-0.0016396925500501008,3,0,0
256,2,kid50k_full,B-C,3,-0.07128743008091429,0.13236323799677507,-0.22399741374624627,0.010523974464464417,2,1,0
256,2,kid50k_full,B-D,3,-0.06613019120453788,0.05522006758649596,-0.11454905690690693,-0.005990743778778743,3,0,0
256,2,kid50k_full,C-A,3,0.01387861794044045,0.03959364465891208,-0.012163667014514518,0.059442136531531575,2,1,0
256,2,kid50k_full,D-A,3,0.008721379064064054,0.06356321712221567,-0.05000622030780774,0.07621108037787787,2,1,0
256,2,kid50k_full,interaction_B-C-D+A,3,-0.08000880914497832,0.08770297557147547,-0.1739911934384385,-0.0003481280830830366,3,0,0
384,1,fid50k_full,B-A,3,-28.949843094448216,31.909783140427088,-65.65356218430816,-7.7940552696628345,3,0,0
384,1,fid50k_full,B-C,3,66.29358417626118,115.57581381857179,-1.748681890557009,199.74034902156478,1,2,0
384,1,fid50k_full,B-D,3,-26.263070387597708,8.806504133822294,-36.04674159129803,-18.970329041566202,3,0,0
384,1,fid50k_full,C-A,3,-95.24342727070939,106.48981766432642,-213.14226085093844,-6.0453733791058255,3,0,0
384,1,fid50k_full,D-A,3,-2.6867727068505096,23.31692863155665,-29.606820593010127,11.176273771903368,1,2,0
384,1,fid50k_full,interaction_B-C-D+A,3,68.98035688311168,106.49701480394812,-12.924955662460377,189.37012032100955,1,2,0
384,1,kid50k_full,B-A,3,-0.03567051403403406,0.038037664029957924,-0.07913088319069067,-0.008439318691191411,3,0,0
384,1,kid50k_full,B-C,3,0.0687398258825492,0.12073669851999166,-0.0028090899799800284,0.20813819441691686,1,2,0
384,1,kid50k_full,B-D,3,-0.02955970996830169,0.011580973536017303,-0.04258510524774761,-0.020425322720220407,3,0,0
384,1,kid50k_full,C-A,3,-0.10441033991658326,0.11296678337583535,-0.22757953463713695,-0.0056302287112113825,3,0,0
384,1,kid50k_full,D-A,3,-0.006110804065732371,0.026514264396738606,-0.03654577794294306,0.011986004029028996,1,2,0
384,1,kid50k_full,interaction_B-C-D+A,3,0.07485062994828158,0.11309397457570185,-0.014795094009009024,0.2019108327001999,1,2,0
384,2,fid50k_full,B-A,3,-28.878146260492034,32.71238943681255,-65.42757929175892,-2.344820207812532,3,0,0
384,2,fid50k_full,B-C,3,-36.52107692082497,65.00573861912413,-111.58227537598131,1.3387916108376388,1,2,0
384,2,fid50k_full,B-D,3,-20.603079852920114,11.173513700185607,-30.112843815130752,-8.296992640494743,3,0,0
384,2,fid50k_full,C-A,3,7.6429306603329366,34.281795366908376,-19.542292284573428,46.15469608422241,2,1,0
384,2,fid50k_full,D-A,3,-8.275066407571918,28.254345161994195,-35.31473547662816,21.054582895322312,2,1,0
384,2,fid50k_full,interaction_B-C-D+A,3,-28.246010513253044,44.37564367202744,-76.26753989935314,11.245299644078685,2,1,0
384,2,kid50k_full,B-A,3,-0.030010253170670676,0.03468177535873968,-0.06877558555805799,-0.001923433043043054,3,0,0
384,2,kid50k_full,B-C,3,-0.04242281275191858,0.07473013607488141,-0.1287129158158158,0.0010490761811812119,1,2,0
384,2,kid50k_full,B-D,3,-0.018205372803636974,0.009904139634418423,-0.026911857755255245,-0.0074303064639639795,3,0,0
384,2,kid50k_full,C-A,3,0.01241255958124791,0.04200157500834436,-0.01972714228978982,0.05993733025775781,2,1,0
384,2,kid50k_full,D-A,3,-0.011804880367033702,0.030107240594491585,-0.041863727802802744,0.01835052114864864,2,1,0
384,2,kid50k_full,interaction_B-C-D+A,3,-0.030617932384884878,0.05089675960821651,-0.08684918801301304,0.012296835825825837,2,1,0
512,1,fid50k_full,B-A,3,0.2762425574693239,5.0212839322789655,-4.365149509848095,5.606324257114551,2,1,0
512,1,fid50k_full,B-C,3,-2.7557433566937575,3.5842684496284645,-6.718603528831984,0.2595071978622556,2,1,0
512,1,fid50k_full,B-D,3,-20.91248701444677,16.238988317204047,-31.256574051073258,-2.1959007168326536,3,0,0
512,1,fid50k_full,C-A,3,3.0319859141630814,4.8639272089458965,-2.5570157707365517,6.3061564539735,1,2,0
512,1,fid50k_full,D-A,3,21.188729571916095,11.965499681940523,7.8022249739472045,30.844126976214774,0,3,0
512,1,fid50k_full,interaction_B-C-D+A,3,-23.944472928609855,15.202341435740191,-37.56273050504676,-7.542717776084949,3,0,0
512,1,kid50k_full,B-A,3,0.00045935224974976915,0.004991127852993584,-0.0038187623948949083,0.005942756826826899,2,1,0
512,1,kid50k_full,B-C,3,-0.0028374769461127617,0.0036621724602061497,-0.006990231063563567,-7.009912162157447e-05,3,0,0
512,1,kid50k_full,B-D,3,-0.019460509587087102,0.01587399947343821,-0.029262420217717775,-0.00114591307057052,3,0,0
512,1,kid50k_full,C-A,3,0.003296829195862531,0.0049060919295837915,-0.0023666617417417643,0.006244293380880884,1,2,0
512,1,kid50k_full,D-A,3,0.01991986183683687,0.011324154882651802,0.007088669897397419,0.028516482535035092,0,3,0
512,1,kid50k_full,interaction_B-C-D+A,3,-0.022757338782949627,0.014387144413041631,-0.03550671359859865,-0.007158769019018994,3,0,0
512,2,fid50k_full,B-A,3,-2.6055326743510223,5.561534417922204,-8.864628423299436,1.7683846733324842,2,1,0
512,2,fid50k_full,B-C,3,-11.080046407650771,19.119880600987766,-33.15765672844567,0.023381414222490626,2,1,0
512,2,fid50k_full,B-D,3,-5.461867083512597,5.112144870749695,-9.483939195246336,0.2909903370833131,2,1,0
512,2,fid50k_full,C-A,3,8.474513733299752,13.74994018112752,-0.6144903643569819,24.29302830514624,1,2,0
512,2,fid50k_full,D-A,3,2.8563344091615748,3.1607707945291468,0.6193107719468998,6.472298119288653,0,3,0
512,2,fid50k_full,interaction_B-C-D+A,3,-13.936380816812347,17.372417390121708,-33.77696750039257,-1.4540129220266804,3,0,0
512,2,kid50k_full,B-A,3,-0.001458629780613946,0.004914559004856326,-0.006851131423923934,0.0027684981531531554,2,1,0
512,2,kid50k_full,B-C,3,-0.008767986308808814,0.014914236541017062,-0.025988985000000003,-4.6335445445452005e-05,3,0,0
512,2,kid50k_full,B-D,3,-0.003922953975642305,0.0040555434754848295,-0.007132330247747773,0.0006350984859859873,2,1,0
512,2,kid50k_full,C-A,3,0.0073093565281948675,0.010341693651043678,-2.461759009007424e-05,0.01913785357607607,1,2,0
512,2,kid50k_full,D-A,3,0.002464324195028359,0.002366008698687447,0.00028119882382383887,0.004978374094094069,0,3,0
512,2,kid50k_full,interaction_B-C-D+A,3,-0.011232310503837172,0.01311317174633611,-0.02627018382382384,-0.00217973511261262,3,0,0
640,1,fid50k_full,B-A,3,-0.9574447977190061,1.296062904452523,-2.241588149308912,0.3502175493773798,2,1,0
640,1,fid50k_full,B-C,3,-2.597618934384395,3.6773127092784152,-6.693937146045268,0.41892108484332446,2,1,0
640,1,fid50k_full,B-D,3,-0.5620384270665753,0.6218287877523757,-1.018421438596775,0.14621239937416597,2,1,0
640,1,fid50k_full,C-A,3,1.640174136665389,2.9327646892163384,-1.3998848780688107,4.452348996736356,1,2,0
640,1,fid50k_full,D-A,3,-0.3954063706524309,1.8886018335352803,-2.387800548683078,1.3686389879741547,2,1,0
640,1,fid50k_full,interaction_B-C-D+A,3,-2.2022125637319636,2.5168162488341648,-4.306136597362189,0.5859786360916939,2,1,0
640,1,kid50k_full,B-A,3,-0.0007843259943276339,0.0010983095332522917,-0.0019284134909909826,0.00026161825075078464,2,1,0
640,1,kid50k_full,B-C,3,-0.0023731561186185897,0.003321616531779624,-0.006092539394394365,0.0002975703028028371,2,1,0
640,1,kid50k_full,B-D,3,-0.0005692963363363272,0.000500637574944043,-0.0010051536986986917,-2.2491916916909938e-05,3,0,0
640,1,kid50k_full,C-A,3,0.001588830124290956,0.002573940546505432,-0.0009837530455455408,0.004164125903403383,1,2,0
640,1,kid50k_full,D-A,3,-0.00021502965799130667,0.00159664808784781,-0.0019059215740740727,0.0012667719494494764,2,1,0
640,1,kid50k_full,interaction_B-C-D+A,3,-0.002158126460627283,0.0022761858365712797,-0.004186617820320293,0.0003035096521521608,2,1,0
640,2,fid50k_full,B-A,3,-0.26149225617745814,0.3256166505608996,-0.6362066965226019,-0.047339154416136786,3,0,0
640,2,fid50k_full,B-C,3,-1.7123838981325743,2.936729386518055,-5.102534442244015,0.05006314719940974,2,1,0
640,2,fid50k_full,B-D,3,-0.1282312536371116,0.034796353271499464,-0.15224892332354134,-0.08832708122432864,3,0,0
640,2,fid50k_full,C-A,3,1.450891641955116,2.611759478763155,-0.09740230161554653,4.466327745721413,2,1,0
640,2,fid50k_full,D-A,3,-0.13326100254034653,0.36039405594456286,-0.5478796152982732,0.10490976890740455,1,2,0
640,2,fid50k_full,interaction_B-C-D+A,3,-1.5791228955922276,2.5771448753385373,-4.554654826945741,-0.054846621707994814,3,0,0
640,2,kid50k_full,B-A,3,3.7285633133133126e-05,0.0005714219721523106,-0.0004205232057057221,0.0006776889839839805,2,1,0
640,2,kid50k_full,B-C,3,-0.0010140267225559106,0.0016280474199176541,-0.0028915312862863173,7.01080330329216e-06,2,1,0
640,2,kid50k_full,B-D,3,2.600977560892577e-05,0.00042126012282406577,-0.0004003244044044139,0.0004420055280280168,1,2,0
640,2,kid50k_full,C-A,3,0.0010513123556890437,0.002191631326334022,-0.00042753400900901427,0.003569220270270298,1,2,0
640,2,kid50k_full,D-A,3,1.1275857524207358e-05,0.00021044303690927432,-0.00018165708208203344,0.00023568345595596373,2,1,0
640,2,kid50k_full,interaction_B-C-D+A,3,-0.001025302580080118,0.0018203099940785747,-0.003127214742242281,2.7209604604600587e-05,1,2,0
768,1,fid50k_full,B-A,3,-0.8300036055430914,1.0907045297946634,-1.8425628158841931,0.3248739147333062,2,1,0
768,1,fid50k_full,B-C,3,-1.6070163113762443,2.258430393434095,-4.099777769364609,0.3027746053318978,2,1,0
768,1,fid50k_full,B-D,3,-0.4641300421668249,0.1714552002948963,-0.612871680677463,-0.2766052153022258,3,0,0
768,1,fid50k_full,C-A,3,0.7770127058331529,1.8342884948447544,-1.2750965208102851,2.257214953480416,1,2,0
768,1,fid50k_full,D-A,3,-0.3658735633762665,1.1739802270582995,-1.3396495853634072,0.9377455954107692,2,1,0
768,1,fid50k_full,interaction_B-C-D+A,3,-1.2411427479999777,1.9802287593017063,-2.7601281840012017,0.9984913055080593,2,1,0
768,1,kid50k_full,B-A,3,-0.000620079008174821,0.0008302085603626351,-0.0014225069069069233,0.0002353687512512987,2,1,0
768,1,kid50k_full,B-C,3,-0.0013963860852519083,0.001971495764647088,-0.0035817689014013884,0.00024845748498497806,2,1,0
768,1,kid50k_full,B-D,3,-0.0003281765824157375,0.00020111385797068739,-0.00047253308558556015,-9.846203703701636e-05,3,0,0
768,1,kid50k_full,C-A,3,0.0007763070770770873,0.001564364392586437,-0.0009215563538538165,0.002159261994494465,1,2,0
768,1,kid50k_full,D-A,3,-0.0002919024257590835,0.0008926747691675083,-0.0010089722822822873,0.0007079018368368589,2,1,0
768,1,kid50k_full,interaction_B-C-D+A,3,-0.0011044836594928246,0.0017439071302264833,-0.0025727966191191,0.0008230943168168001,2,1,0
768,2,fid50k_full,B-A,3,-0.10518028875439178,0.18775173981866988,-0.31506899755652595,0.04678281980889443,2,1,0
768,2,fid50k_full,B-C,3,-0.19409913683508698,0.3376374331535952,-0.5824955726751995,0.02942812362937408,2,1,0
768,2,fid50k_full,B-D,3,-0.11935041251528015,0.14060273436690124,-0.28045537794194164,-0.021390417124802052,3,0,0
768,2,fid50k_full,C-A,3,0.08891884808069521,0.17241734982638787,-0.0766828121449179,0.2674265751186735,1,2,0
768,2,fid50k_full,D-A,3,0.014170123760888368,0.07704306634701291,-0.03461361961458431,0.10298826228799118,2,1,0
768,2,fid50k_full,interaction_B-C-D+A,3,-0.20826926059597536,0.30869506588210666,-0.5478819530606152,0.05529239502011585,2,1,0
768,2,kid50k_full,B-A,3,-0.000195447023690349,0.00015864094980090761,-0.00031923846346349817,-1.661666166166936e-05,3,0,0
768,2,kid50k_full,B-C,3,-3.0199766433300214e-06,5.106308756257278e-05,-4.035790040044949e-05,5.516921421424279e-05,2,1,0
768,2,kid50k_full,B-D,3,-0.00014137968968968225,0.0001261673769049846,-0.00027663906406405177,-2.687908158157835e-05,3,0,0
768,2,kid50k_full,C-A,3,-0.00019242704704701898,0.00017344677720031615,-0.0003056551601601223,7.254582082114004e-06,2,1,0
768,2,kid50k_full,D-A,3,-5.406733400066677e-05,0.00016410636073415253,-0.00022360686436430116,0.00010400426176174725,2,1,0
768,2,kid50k_full,interaction_B-C-D+A,3,5.104735735733675e-05,0.00020767254649349428,-0.00012787550550553061,0.00027877607857854396,1,2,0
896,1,fid50k_full,B-A,3,-0.5755087835147185,0.7780540538633096,-1.2977892341879027,0.24834228421119597,2,1,0
896,1,fid50k_full,B-C,3,-0.9631027261154662,1.4197070481350078,-2.519455706745374,0.26104702829445436,2,1,0
896,1,fid50k_full,B-D,3,-0.17741778955934784,0.2211473519536314,-0.3225039671348391,0.07711060655704749,2,1,0
896,1,fid50k_full,C-A,3,0.3875939426007478,1.160803404672151,-0.9381264288619029,1.2216664725574713,1,2,0
896,1,fid50k_full,D-A,3,-0.39809099395537056,0.8157806366504162,-0.9752852670530636,0.5352022923114479,2,1,0
896,1,fid50k_full,interaction_B-C-D+A,3,-0.5650117321600957,1.3815294427297513,-1.5441704396923104,1.0152370354189504,2,1,0
896,1,kid50k_full,B-A,3,-0.000348027309809792,0.00047379473308297083,-0.0008142636086085706,0.00013298040040040596,2,1,0
896,1,kid50k_full,B-C,3,-0.0007497403845511995,0.0011077493348180113,-0.0019327996171170985,0.0002629622697697823,2,1,0
896,1,kid50k_full,B-D,3,5.4550058391847345e-06,0.0002122236336833197,-0.00016330596846845374,0.00024371424674674447,2,1,0
896,1,kid50k_full,C-A,3,0.0004017130747414075,0.0009126998958908899,-0.0006257609909909936,0.001118536008508528,1,2,0
896,1,kid50k_full,D-A,3,-0.00035348231564897675,0.0005672851666428576,-0.0007502203478478341,0.0002962863688688597,2,1,0
896,1,kid50k_full,interaction_B-C-D+A,3,-0.0003962580689022231,0.00110684637627031,-0.0011825792692692653,0.0008694752377377381,2,1,0
896,2,fid50k_full,B-A,3,-0.06194289907324535,0.1448354232204257,-0.21548910027631063,0.07223205595408677,2,1,0
896,2,fid50k_full,B-C,3,-0.11602213808504629,0.26575404323293605,-0.4228855651446257,0.038566876006775,1,2,0
896,2,fid50k_full,B-D,3,-0.02478609903623615,0.08728246802237756,-0.12179894601758301,0.04737639903387025,1,2,0
896,2,fid50k_full,C-A,3,0.05407923901180093,0.14511651677580276,-0.08113852890428719,0.2073964648683151,1,2,0
896,2,fid50k_full,D-A,3,-0.0371568000370092,0.09469637247163178,-0.09369015425872762,0.07216780607908246,2,1,0
896,2,fid50k_full,interaction_B-C-D+A,3,-0.07886533804803708,0.2318581527530454,-0.3291954108858981,0.12851492793815744,2,1,0
896,2,kid50k_full,B-A,3,-0.00012243208041370815,0.00018986936979915487,-0.00032792504254249726,4.649490740743663e-05,2,1,0
896,2,kid50k_full,B-C,3,-0.0001947836945278384,0.00041503967132662214,-0.0006729498523523174,7.215208458459976e-05,1,2,0
896,2,kid50k_full,B-D,3,-9.436338004666176e-06,7.882776042538852e-05,-7.904286786785189e-05,7.616076576577135e-05,2,1,0
896,2,kid50k_full,C-A,3,7.235161411413026e-05,0.00025417562382884664,-0.00015801819069066357,0.0003450248098098201,1,2,0
896,2,kid50k_full,D-A,3,-0.00011299574240904197,0.00016592721109849186,-0.0002488821746746454,7.192181931935462e-05,2,1,0
896,2,kid50k_full,interaction_B-C-D+A,3,-8.178795211879644e-05,0.0003299112472930125,-0.000424067677677672,0.00023417895645643492,2,1,0
1024,1,fid50k_full,B-A,3,-0.4501617173115872,0.6189966673609899,-0.9830543644280265,0.22880847730252363,2,1,0
1024,1,fid50k_full,B-C,3,-0.8412530478466363,1.0724193137822864,-1.9856503400611007,0.1406397680414475,2,1,0
1024,1,fid50k_full,B-D,3,-0.06840067228224307,0.056267525429608826,-0.12284777204265218,-0.010474200493338692,3,0,0
1024,1,fid50k_full,C-A,3,0.39109133053504913,0.9780061118979563,-0.7368790328507062,1.0025959756330742,1,2,0
1024,1,fid50k_full,D-A,3,-0.3817610450293441,0.6067393149782573,-0.8602065923853743,0.300688521613262,2,1,0
1024,1,fid50k_full,interaction_B-C-D+A,3,-0.4594920028172922,1.0296081602000868,-1.1254437476757264,0.7264048323573675,2,1,0
1024,1,kid50k_full,B-A,3,-0.00023590466716716182,0.0003639119088410148,-0.0005628548748748876,0.00015617391141142453,2,1,0
1024,1,kid50k_full,B-C,3,-0.0006148777494160701,0.0007606882241882849,-0.001378458671171188,0.00014288439439443228,2,1,0
1024,1,kid50k_full,B-D,3,0.00010408820236903632,6.550322296781211e-05,3.086195945947116e-05,0.00015710590340340357,0,3,0
1024,1,kid50k_full,C-A,3,0.00037897308224890826,0.0007130889892530556,-0.0004439174324324547,0.0008156037962963004,1,2,0
1024,1,kid50k_full,D-A,3,-0.00033999286953619815,0.00041891900686095334,-0.0006871516191191218,0.00012531195195195338,2,1,0
1024,1,kid50k_full,interaction_B-C-D+A,3,-0.0002748848798798719,0.0007588643001374538,-0.0007343709234234079,0.0006010233358358583,2,1,0
1024,2,fid50k_full,B-A,3,-0.03774105821542495,0.0620229916148155,-0.10115148424221188,0.022794518863958224,2,1,0
1024,2,fid50k_full,B-C,3,-0.08863959354853194,0.14330491459718012,-0.2532750715252132,0.008088839081939803,2,1,0
1024,2,fid50k_full,B-D,3,-0.005546494104352373,0.012746883897871175,-0.01976409096797571,0.004860486201374581,2,1,0
1024,2,fid50k_full,C-A,3,0.05089853533310699,0.16394892836287792,-0.10924032332415168,0.21840886225719203,1,2,0
1024,2,fid50k_full,D-A,3,-0.03219456411107258,0.06692862738629335,-0.10601197044358646,0.024530396410414212,2,1,0
1024,2,fid50k_full,interaction_B-C-D+A,3,-0.05644502943745936,0.17640289183118155,-0.23817295322516774,0.11410080952552626,2,1,0
1024,2,kid50k_full,B-A,3,-3.959215048379973e-05,6.874193723447479e-05,-9.264481981980668e-05,3.806650900903155e-05,2,1,0
1024,2,kid50k_full,B-C,3,-0.00011323134551218424,0.00021919987994335036,-0.0003654944169169268,3.081929929927825e-05,2,1,0
1024,2,kid50k_full,B-D,3,2.865284784785977e-05,2.0011529026224735e-05,6.55772272275504e-06,4.555834334335951e-05,0,3,0
1024,2,kid50k_full,C-A,3,7.363919502838452e-05,0.00021402219017460053,-0.00012346411911908493,0.0003012962762763028,1,2,0
1024,2,kid50k_full,D-A,3,-6.82449983316595e-05,8.869256262689471e-05,-0.00013820316316316618,3.150878628627651e-05,2,1,0
1024,2,kid50k_full,interaction_B-C-D+A,3,-4.498634718052475e-05,0.00021836103848719697,-0.000267453798798838,0.00016902246246244443,2,1,0
