seed,horizon,space,block,contrast,value
3,0,observable,feature,target_effect_denominator_1p0,0.0
3,0,observable,feature,target_effect_denominator_1p1,0.0
3,0,observable,feature,denominator_effect_target_1p0,0.0
3,0,observable,feature,denominator_effect_target_1p1,0.0
3,0,observable,feature,conditional_interaction,0.0
3,0,observable,residual,target_effect_denominator_1p0,0.0
3,0,observable,residual,target_effect_denominator_1p1,0.0
3,0,observable,residual,denominator_effect_target_1p0,0.0
3,0,observable,residual,denominator_effect_target_1p1,0.0
3,0,observable,residual,conditional_interaction,0.0
3,0,state,EMA,target_effect_denominator_1p0,0.0
3,0,state,EMA,target_effect_denominator_1p1,0.0
3,0,state,EMA,denominator_effect_target_1p0,0.0
3,0,state,EMA,denominator_effect_target_1p1,0.0
3,0,state,EMA,conditional_interaction,0.0
3,0,state,m,target_effect_denominator_1p0,0.0
3,0,state,m,target_effect_denominator_1p1,0.0
3,0,state,m,denominator_effect_target_1p0,0.0
3,0,state,m,denominator_effect_target_1p1,0.0
3,0,state,m,conditional_interaction,0.0
3,0,state,net_buffer,target_effect_denominator_1p0,0.0
3,0,state,net_buffer,target_effect_denominator_1p1,0.0
3,0,state,net_buffer,denominator_effect_target_1p0,0.0
3,0,state,net_buffer,denominator_effect_target_1p1,0.0
3,0,state,net_buffer,conditional_interaction,0.0
3,0,state,scaler,target_effect_denominator_1p0,0.0
3,0,state,scaler,target_effect_denominator_1p1,0.0
3,0,state,scaler,denominator_effect_target_1p0,0.0
3,0,state,scaler,denominator_effect_target_1p1,0.0
3,0,state,scaler,conditional_interaction,0.0
3,0,state,theta,target_effect_denominator_1p0,0.0
3,0,state,theta,target_effect_denominator_1p1,0.0
3,0,state,theta,denominator_effect_target_1p0,0.0
3,0,state,theta,denominator_effect_target_1p1,0.0
3,0,state,theta,conditional_interaction,0.0
3,0,state,v,target_effect_denominator_1p0,0.0
3,0,state,v,target_effect_denominator_1p1,0.0
3,0,state,v,denominator_effect_target_1p0,0.0
3,0,state,v,denominator_effect_target_1p1,0.0
3,0,state,v,conditional_interaction,0.0
3,1,observable,feature,target_effect_denominator_1p0,0.0006616722841812361
3,1,observable,feature,target_effect_denominator_1p1,0.0027983615705977627
3,1,observable,feature,denominator_effect_target_1p0,0.003006215446909266
3,1,observable,feature,denominator_effect_target_1p1,0.005142904733325793
3,1,observable,feature,conditional_interaction,0.0021366892864165266
3,1,observable,residual,target_effect_denominator_1p0,0.035945801565375524
3,1,observable,residual,target_effect_denominator_1p1,-0.004470848413466344
3,1,observable,residual,denominator_effect_target_1p0,0.02522593146181107
3,1,observable,residual,denominator_effect_target_1p1,-0.015190718517030799
3,1,observable,residual,conditional_interaction,-0.04041664997884187
3,1,state,EMA,target_effect_denominator_1p0,-8.216375135816634e-09
3,1,state,EMA,target_effect_denominator_1p1,-1.6371359379263595e-08
3,1,state,EMA,denominator_effect_target_1p0,1.8349055608268827e-09
3,1,state,EMA,denominator_effect_target_1p1,-6.320078682620078e-09
3,1,state,EMA,conditional_interaction,-8.154984243446961e-09
3,1,state,m,target_effect_denominator_1p0,1.3284076038778494
3,1,state,m,target_effect_denominator_1p1,1.176758074309987
3,1,state,m,denominator_effect_target_1p0,-8.78588880328789
3,1,state,m,denominator_effect_target_1p1,-8.937538332855752
3,1,state,m,conditional_interaction,-0.15164952956786237
3,1,state,net_buffer,target_effect_denominator_1p0,0.0
3,1,state,net_buffer,target_effect_denominator_1p1,0.0
3,1,state,net_buffer,denominator_effect_target_1p0,0.0
3,1,state,net_buffer,denominator_effect_target_1p1,0.0
3,1,state,net_buffer,conditional_interaction,0.0
3,1,state,scaler,target_effect_denominator_1p0,0.0
3,1,state,scaler,target_effect_denominator_1p1,0.0
3,1,state,scaler,denominator_effect_target_1p0,0.0
3,1,state,scaler,denominator_effect_target_1p1,0.0
3,1,state,scaler,conditional_interaction,0.0
3,1,state,theta,target_effect_denominator_1p0,1.2084451554983389e-06
3,1,state,theta,target_effect_denominator_1p1,1.1012284630851354e-06
3,1,state,theta,denominator_effect_target_1p0,1.7254983504244592e-06
3,1,state,theta,denominator_effect_target_1p1,1.6182816580112558e-06
3,1,state,theta,conditional_interaction,-1.0721669241320342e-07
3,1,state,v,target_effect_denominator_1p0,-0.6655003872729139
3,1,state,v,target_effect_denominator_1p1,-0.5689837627141969
3,1,state,v,denominator_effect_target_1p0,-19.7371880197461
3,1,state,v,denominator_effect_target_1p1,-19.640671395187383
3,1,state,v,conditional_interaction,0.09651662455871701
3,4,observable,feature,target_effect_denominator_1p0,-0.0010622075744919357
3,4,observable,feature,target_effect_denominator_1p1,-0.001709425329728731
3,4,observable,feature,denominator_effect_target_1p0,-0.0006983002475422495
3,4,observable,feature,denominator_effect_target_1p1,-0.0013455180027790448
3,4,observable,feature,conditional_interaction,-0.0006472177552367953
3,4,observable,residual,target_effect_denominator_1p0,0.04116960206646203
3,4,observable,residual,target_effect_denominator_1p1,0.03787361225778629
3,4,observable,residual,denominator_effect_target_1p0,0.011911797260007795
3,4,observable,residual,denominator_effect_target_1p1,0.008615807451332058
3,4,observable,residual,conditional_interaction,-0.0032959898086757367
3,4,state,EMA,target_effect_denominator_1p0,4.1481143853161484e-08
3,4,state,EMA,target_effect_denominator_1p1,1.177795638795942e-09
3,4,state,EMA,denominator_effect_target_1p0,7.297012416529469e-08
3,4,state,EMA,denominator_effect_target_1p1,3.266677595092915e-08
3,4,state,EMA,conditional_interaction,-4.030334821436554e-08
3,4,state,m,target_effect_denominator_1p0,0.32955287550578305
3,4,state,m,target_effect_denominator_1p1,6.553586975514236
3,4,state,m,denominator_effect_target_1p0,-17.869964345100755
3,4,state,m,denominator_effect_target_1p1,-11.645930245092302
3,4,state,m,conditional_interaction,6.224034100008453
3,4,state,net_buffer,target_effect_denominator_1p0,0.0
3,4,state,net_buffer,target_effect_denominator_1p1,0.0
3,4,state,net_buffer,denominator_effect_target_1p0,0.0
3,4,state,net_buffer,denominator_effect_target_1p1,0.0
3,4,state,net_buffer,conditional_interaction,0.0
3,4,state,scaler,target_effect_denominator_1p0,0.0
3,4,state,scaler,target_effect_denominator_1p1,0.0
3,4,state,scaler,denominator_effect_target_1p0,0.0
3,4,state,scaler,denominator_effect_target_1p1,0.0
3,4,state,scaler,conditional_interaction,0.0
3,4,state,theta,target_effect_denominator_1p0,7.274467452589306e-05
3,4,state,theta,target_effect_denominator_1p1,6.04741749157256e-05
3,4,state,theta,denominator_effect_target_1p0,5.175746628083289e-05
3,4,state,theta,denominator_effect_target_1p1,3.9486966670665424e-05
3,4,state,theta,conditional_interaction,-1.2270499610167462e-05
3,4,state,v,target_effect_denominator_1p0,21.29788637252932
3,4,state,v,target_effect_denominator_1p1,7.651750094679301
3,4,state,v,denominator_effect_target_1p0,-36.43700593757967
3,4,state,v,denominator_effect_target_1p1,-50.08314221542969
3,4,state,v,conditional_interaction,-13.646136277850019
3,16,observable,feature,target_effect_denominator_1p0,0.0025406205313807106
3,16,observable,feature,target_effect_denominator_1p1,-3.890995424526977e-05
3,16,observable,feature,denominator_effect_target_1p0,-0.003128323078506412
3,16,observable,feature,denominator_effect_target_1p1,-0.005707853564132392
3,16,observable,feature,conditional_interaction,-0.0025795304856259804
3,16,observable,residual,target_effect_denominator_1p0,-0.07024881197164645
3,16,observable,residual,target_effect_denominator_1p1,0.012987793627520783
3,16,observable,residual,denominator_effect_target_1p0,-0.048105746034823205
3,16,observable,residual,denominator_effect_target_1p1,0.03513085956434403
3,16,observable,residual,conditional_interaction,0.08323660559916723
3,16,state,EMA,target_effect_denominator_1p0,5.928337031946285e-06
3,16,state,EMA,target_effect_denominator_1p1,2.991023393406067e-06
3,16,state,EMA,denominator_effect_target_1p0,4.364440883364296e-06
3,16,state,EMA,denominator_effect_target_1p1,1.427127244824078e-06
3,16,state,EMA,conditional_interaction,-2.9373136385402177e-06
3,16,state,m,target_effect_denominator_1p0,-29.70210671648806
3,16,state,m,target_effect_denominator_1p1,-24.975175037691372
3,16,state,m,denominator_effect_target_1p0,-34.36441005637204
3,16,state,m,denominator_effect_target_1p1,-29.63747837757535
3,16,state,m,conditional_interaction,4.726931678796689
3,16,state,net_buffer,target_effect_denominator_1p0,0.0
3,16,state,net_buffer,target_effect_denominator_1p1,0.0
3,16,state,net_buffer,denominator_effect_target_1p0,0.0
3,16,state,net_buffer,denominator_effect_target_1p1,0.0
3,16,state,net_buffer,conditional_interaction,0.0
3,16,state,scaler,target_effect_denominator_1p0,0.0
3,16,state,scaler,target_effect_denominator_1p1,0.0
3,16,state,scaler,denominator_effect_target_1p0,0.0
3,16,state,scaler,denominator_effect_target_1p1,0.0
3,16,state,scaler,conditional_interaction,0.0
3,16,state,theta,target_effect_denominator_1p0,0.000808144658094534
3,16,state,theta,target_effect_denominator_1p1,0.0008101602070382796
3,16,state,theta,denominator_effect_target_1p0,5.184692781767808e-06
3,16,state,theta,denominator_effect_target_1p1,7.200241725513479e-06
3,16,state,theta,conditional_interaction,2.015548943745671e-06
3,16,state,v,target_effect_denominator_1p0,-59.111289832828334
3,16,state,v,target_effect_denominator_1p1,-62.24422758538276
3,16,state,v,denominator_effect_target_1p0,-186.45049687975552
3,16,state,v,denominator_effect_target_1p1,-189.58343463230995
3,16,state,v,conditional_interaction,-3.132937752554426
3,64,observable,feature,target_effect_denominator_1p0,-0.011273459263051677
3,64,observable,feature,target_effect_denominator_1p1,-0.011017700418513243
3,64,observable,feature,denominator_effect_target_1p0,-0.004242474432437859
3,64,observable,feature,denominator_effect_target_1p1,-0.003986715587899425
3,64,observable,feature,conditional_interaction,0.000255758844538434
3,64,observable,residual,target_effect_denominator_1p0,0.004227495055543873
3,64,observable,residual,target_effect_denominator_1p1,0.06985506005303965
3,64,observable,residual,denominator_effect_target_1p0,0.011879114747458397
3,64,observable,residual,denominator_effect_target_1p1,0.07750667974495418
3,64,observable,residual,conditional_interaction,0.06562756499749578
3,64,state,EMA,target_effect_denominator_1p0,5.852848516951781e-07
3,64,state,EMA,target_effect_denominator_1p1,1.4243706573324744e-05
3,64,state,EMA,denominator_effect_target_1p0,4.832789727515774e-06
3,64,state,EMA,denominator_effect_target_1p1,1.849121144914534e-05
3,64,state,EMA,conditional_interaction,1.3658421721629566e-05
3,64,state,m,target_effect_denominator_1p0,-37.02352558328778
3,64,state,m,target_effect_denominator_1p1,-4.169005677010659
3,64,state,m,denominator_effect_target_1p0,-101.77785196416227
3,64,state,m,denominator_effect_target_1p1,-68.92333205788515
3,64,state,m,conditional_interaction,32.85451990627712
3,64,state,net_buffer,target_effect_denominator_1p0,0.0
3,64,state,net_buffer,target_effect_denominator_1p1,0.0
3,64,state,net_buffer,denominator_effect_target_1p0,0.0
3,64,state,net_buffer,denominator_effect_target_1p1,0.0
3,64,state,net_buffer,conditional_interaction,0.0
3,64,state,scaler,target_effect_denominator_1p0,0.0
3,64,state,scaler,target_effect_denominator_1p1,0.0
3,64,state,scaler,denominator_effect_target_1p0,0.0
3,64,state,scaler,denominator_effect_target_1p1,0.0
3,64,state,scaler,conditional_interaction,0.0
3,64,state,theta,target_effect_denominator_1p0,0.0002218680228907033
3,64,state,theta,target_effect_denominator_1p1,0.0008493539826304186
3,64,state,theta,denominator_effect_target_1p0,-0.0007235229104480823
3,64,state,theta,denominator_effect_target_1p1,-9.603695070836693e-05
3,64,state,theta,conditional_interaction,0.0006274859597397153
3,64,state,v,target_effect_denominator_1p0,-928.4168989641039
3,64,state,v,target_effect_denominator_1p1,-616.9464978514006
3,64,state,v,denominator_effect_target_1p0,-1059.9966913624376
3,64,state,v,denominator_effect_target_1p1,-748.5262902497343
3,64,state,v,conditional_interaction,311.47040111270326
3,128,observable,feature,target_effect_denominator_1p0,-0.024583872637730764
3,128,observable,feature,target_effect_denominator_1p1,-0.020898693732004148
3,128,observable,feature,denominator_effect_target_1p0,-0.02442427241635059
3,128,observable,feature,denominator_effect_target_1p1,-0.020739093510623974
3,128,observable,feature,conditional_interaction,0.003685178905726616
3,128,observable,residual,target_effect_denominator_1p0,0.08296403010796327
3,128,observable,residual,target_effect_denominator_1p1,0.20322809640208073
3,128,observable,residual,denominator_effect_target_1p0,-0.0374607169834289
3,128,observable,residual,denominator_effect_target_1p1,0.08280334931068856
3,128,observable,residual,conditional_interaction,0.12026406629411746
3,128,state,EMA,target_effect_denominator_1p0,-2.3406668788084062e-05
3,128,state,EMA,target_effect_denominator_1p1,8.079400231508771e-05
3,128,state,EMA,denominator_effect_target_1p0,-7.299885055545019e-05
3,128,state,EMA,denominator_effect_target_1p1,3.120182054772158e-05
3,128,state,EMA,conditional_interaction,0.00010420067110317177
3,128,state,m,target_effect_denominator_1p0,4.241065061657366
3,128,state,m,target_effect_denominator_1p1,31.55478394046895
3,128,state,m,denominator_effect_target_1p0,-26.356867200457714
3,128,state,m,denominator_effect_target_1p1,0.9568516783538712
3,128,state,m,conditional_interaction,27.313718878811585
3,128,state,net_buffer,target_effect_denominator_1p0,0.0
3,128,state,net_buffer,target_effect_denominator_1p1,0.0
3,128,state,net_buffer,denominator_effect_target_1p0,0.0
3,128,state,net_buffer,denominator_effect_target_1p1,0.0
3,128,state,net_buffer,conditional_interaction,0.0
3,128,state,scaler,target_effect_denominator_1p0,0.0
3,128,state,scaler,target_effect_denominator_1p1,0.0
3,128,state,scaler,denominator_effect_target_1p0,0.0
3,128,state,scaler,denominator_effect_target_1p1,0.0
3,128,state,scaler,conditional_interaction,0.0
3,128,state,theta,target_effect_denominator_1p0,0.00035652881842906936
3,128,state,theta,target_effect_denominator_1p1,0.0018585198126856994
3,128,state,theta,denominator_effect_target_1p0,-0.002255960688671621
3,128,state,theta,denominator_effect_target_1p1,-0.000753969694414991
3,128,state,theta,conditional_interaction,0.00150199099425663
3,128,state,v,target_effect_denominator_1p0,-879.4578915464808
3,128,state,v,target_effect_denominator_1p1,-708.9882334889262
3,128,state,v,denominator_effect_target_1p0,-1442.099338127664
3,128,state,v,denominator_effect_target_1p1,-1271.6296800701093
3,128,state,v,conditional_interaction,170.46965805755462
3,256,observable,feature,target_effect_denominator_1p0,-0.030267945885771752
3,256,observable,feature,target_effect_denominator_1p1,0.0271921799694006
3,256,observable,feature,denominator_effect_target_1p0,-0.02556153888728474
3,256,observable,feature,denominator_effect_target_1p1,0.03189858696788761
3,256,observable,feature,conditional_interaction,0.05746012585517235
3,256,observable,residual,target_effect_denominator_1p0,0.056733279221190536
3,256,observable,residual,target_effect_denominator_1p1,0.004084376995756367
3,256,observable,residual,denominator_effect_target_1p0,0.01855274110183991
3,256,observable,residual,denominator_effect_target_1p1,-0.03409616112359426
3,256,observable,residual,conditional_interaction,-0.05264890222543417
3,256,state,EMA,target_effect_denominator_1p0,-0.0001305201831200975
3,256,state,EMA,target_effect_denominator_1p1,0.00024006901867323904
3,256,state,EMA,denominator_effect_target_1p0,-0.0003338957794767339
3,256,state,EMA,denominator_effect_target_1p1,3.6693422316602664e-05
3,256,state,EMA,conditional_interaction,0.00037058920179333654
3,256,state,m,target_effect_denominator_1p0,-138.80184811587378
3,256,state,m,target_effect_denominator_1p1,67.99320765381412
3,256,state,m,denominator_effect_target_1p0,-199.9595822254043
3,256,state,m,denominator_effect_target_1p1,6.835473544283616
3,256,state,m,conditional_interaction,206.7950557696879
3,256,state,net_buffer,target_effect_denominator_1p0,0.0
3,256,state,net_buffer,target_effect_denominator_1p1,0.0
3,256,state,net_buffer,denominator_effect_target_1p0,0.0
3,256,state,net_buffer,denominator_effect_target_1p1,0.0
3,256,state,net_buffer,conditional_interaction,0.0
3,256,state,scaler,target_effect_denominator_1p0,0.0
3,256,state,scaler,target_effect_denominator_1p1,0.0
3,256,state,scaler,denominator_effect_target_1p0,0.0
3,256,state,scaler,denominator_effect_target_1p1,0.0
3,256,state,scaler,conditional_interaction,0.0
3,256,state,theta,target_effect_denominator_1p0,-0.003888693186581804
3,256,state,theta,target_effect_denominator_1p1,0.0030049713946027623
3,256,state,theta,denominator_effect_target_1p0,-0.006320155805497052
3,256,state,theta,denominator_effect_target_1p1,0.0005735087756875146
3,256,state,theta,conditional_interaction,0.0068936645811845665
3,256,state,v,target_effect_denominator_1p0,-3196.734239917132
3,256,state,v,target_effect_denominator_1p1,-488.4317720723484
3,256,state,v,denominator_effect_target_1p0,-4574.337680772791
3,256,state,v,denominator_effect_target_1p1,-1866.0352129280072
3,256,state,v,conditional_interaction,2708.3024678447837
3,500,observable,feature,target_effect_denominator_1p0,-0.061157358257986516
3,500,observable,feature,target_effect_denominator_1p1,-0.11094319477255254
3,500,observable,feature,denominator_effect_target_1p0,0.0178961484370177
3,500,observable,feature,denominator_effect_target_1p1,-0.03188968807754833
3,500,observable,feature,conditional_interaction,-0.04978583651456603
3,500,observable,residual,target_effect_denominator_1p0,0.05292702692429052
3,500,observable,residual,target_effect_denominator_1p1,0.0434729354687855
3,500,observable,residual,denominator_effect_target_1p0,-0.045710358954180075
3,500,observable,residual,denominator_effect_target_1p1,-0.055164450409685095
3,500,observable,residual,conditional_interaction,-0.00945409145550502
3,500,state,EMA,target_effect_denominator_1p0,-0.00016596992327322369
3,500,state,EMA,target_effect_denominator_1p1,0.00044834652726422064
3,500,state,EMA,denominator_effect_target_1p0,-0.0007392652069029282
3,500,state,EMA,denominator_effect_target_1p1,-0.00012494875636548386
3,500,state,EMA,conditional_interaction,0.0006143164505374443
3,500,state,m,target_effect_denominator_1p0,-19.40481159412343
3,500,state,m,target_effect_denominator_1p1,63.681979204324875
3,500,state,m,denominator_effect_target_1p0,-43.976524028093536
3,500,state,m,denominator_effect_target_1p1,39.11026677035477
3,500,state,m,conditional_interaction,83.0867907984483
3,500,state,net_buffer,target_effect_denominator_1p0,0.0
3,500,state,net_buffer,target_effect_denominator_1p1,0.0
3,500,state,net_buffer,denominator_effect_target_1p0,0.0
3,500,state,net_buffer,denominator_effect_target_1p1,0.0
3,500,state,net_buffer,conditional_interaction,0.0
3,500,state,scaler,target_effect_denominator_1p0,0.0
3,500,state,scaler,target_effect_denominator_1p1,0.0
3,500,state,scaler,denominator_effect_target_1p0,0.0
3,500,state,scaler,denominator_effect_target_1p1,0.0
3,500,state,scaler,conditional_interaction,0.0
3,500,state,theta,target_effect_denominator_1p0,7.811969408066943e-05
3,500,state,theta,target_effect_denominator_1p1,-0.0009117874842559104
3,500,state,theta,denominator_effect_target_1p0,-0.006392754259650246
3,500,state,theta,denominator_effect_target_1p1,-0.007382661437986826
3,500,state,theta,conditional_interaction,-0.0009899071783365798
3,500,state,v,target_effect_denominator_1p0,-3012.6380514742486
3,500,state,v,target_effect_denominator_1p1,-1400.066898436009
3,500,state,v,denominator_effect_target_1p0,-6555.720589138276
3,500,state,v,denominator_effect_target_1p1,-4943.149436100037
3,500,state,v,conditional_interaction,1612.5711530382396
4,0,observable,feature,target_effect_denominator_1p0,0.0
4,0,observable,feature,target_effect_denominator_1p1,0.0
4,0,observable,feature,denominator_effect_target_1p0,0.0
4,0,observable,feature,denominator_effect_target_1p1,0.0
4,0,observable,feature,conditional_interaction,0.0
4,0,observable,residual,target_effect_denominator_1p0,0.0
4,0,observable,residual,target_effect_denominator_1p1,0.0
4,0,observable,residual,denominator_effect_target_1p0,0.0
4,0,observable,residual,denominator_effect_target_1p1,0.0
4,0,observable,residual,conditional_interaction,0.0
4,0,state,EMA,target_effect_denominator_1p0,0.0
4,0,state,EMA,target_effect_denominator_1p1,0.0
4,0,state,EMA,denominator_effect_target_1p0,0.0
4,0,state,EMA,denominator_effect_target_1p1,0.0
4,0,state,EMA,conditional_interaction,0.0
4,0,state,m,target_effect_denominator_1p0,0.0
4,0,state,m,target_effect_denominator_1p1,0.0
4,0,state,m,denominator_effect_target_1p0,0.0
4,0,state,m,denominator_effect_target_1p1,0.0
4,0,state,m,conditional_interaction,0.0
4,0,state,net_buffer,target_effect_denominator_1p0,0.0
4,0,state,net_buffer,target_effect_denominator_1p1,0.0
4,0,state,net_buffer,denominator_effect_target_1p0,0.0
4,0,state,net_buffer,denominator_effect_target_1p1,0.0
4,0,state,net_buffer,conditional_interaction,0.0
4,0,state,scaler,target_effect_denominator_1p0,0.0
4,0,state,scaler,target_effect_denominator_1p1,0.0
4,0,state,scaler,denominator_effect_target_1p0,0.0
4,0,state,scaler,denominator_effect_target_1p1,0.0
4,0,state,scaler,conditional_interaction,0.0
4,0,state,theta,target_effect_denominator_1p0,0.0
4,0,state,theta,target_effect_denominator_1p1,0.0
4,0,state,theta,denominator_effect_target_1p0,0.0
4,0,state,theta,denominator_effect_target_1p1,0.0
4,0,state,theta,conditional_interaction,0.0
4,0,state,v,target_effect_denominator_1p0,0.0
4,0,state,v,target_effect_denominator_1p1,0.0
4,0,state,v,denominator_effect_target_1p0,0.0
4,0,state,v,denominator_effect_target_1p1,0.0
4,0,state,v,conditional_interaction,0.0
4,1,observable,feature,target_effect_denominator_1p0,-0.0042022650358291
4,1,observable,feature,target_effect_denominator_1p1,0.005472880976334693
4,1,observable,feature,denominator_effect_target_1p0,5.583262123920463e-05
4,1,observable,feature,denominator_effect_target_1p1,0.009730978633402998
4,1,observable,feature,conditional_interaction,0.009675146012163793
4,1,observable,residual,target_effect_denominator_1p0,0.02320767766949472
4,1,observable,residual,target_effect_denominator_1p1,-0.04249991637793604
4,1,observable,residual,denominator_effect_target_1p0,0.049559953566721715
4,1,observable,residual,denominator_effect_target_1p1,-0.016147640480709047
4,1,observable,residual,conditional_interaction,-0.06570759404743076
4,1,state,EMA,target_effect_denominator_1p0,-1.3429598766379058e-08
4,1,state,EMA,target_effect_denominator_1p1,-3.479271981632337e-09
4,1,state,EMA,denominator_effect_target_1p0,-8.573806553613394e-09
4,1,state,EMA,denominator_effect_target_1p1,1.3765202311333269e-09
4,1,state,EMA,conditional_interaction,9.950326784746721e-09
4,1,state,m,target_effect_denominator_1p0,9.177545423704885
4,1,state,m,target_effect_denominator_1p1,8.443873975516851
4,1,state,m,denominator_effect_target_1p0,-6.074868320766086
4,1,state,m,denominator_effect_target_1p1,-6.80853976895412
4,1,state,m,conditional_interaction,-0.7336714481880335
4,1,state,net_buffer,target_effect_denominator_1p0,0.0
4,1,state,net_buffer,target_effect_denominator_1p1,0.0
4,1,state,net_buffer,denominator_effect_target_1p0,0.0
4,1,state,net_buffer,denominator_effect_target_1p1,0.0
4,1,state,net_buffer,conditional_interaction,0.0
4,1,state,scaler,target_effect_denominator_1p0,0.0
4,1,state,scaler,target_effect_denominator_1p1,0.0
4,1,state,scaler,denominator_effect_target_1p0,0.0
4,1,state,scaler,denominator_effect_target_1p1,0.0
4,1,state,scaler,conditional_interaction,0.0
4,1,state,theta,target_effect_denominator_1p0,-1.4872816791466903e-06
4,1,state,theta,target_effect_denominator_1p1,-1.3983635653858073e-06
4,1,state,theta,denominator_effect_target_1p0,6.427246262319386e-06
4,1,state,theta,denominator_effect_target_1p1,6.516164376080269e-06
4,1,state,theta,conditional_interaction,8.891811376088299e-08
4,1,state,v,target_effect_denominator_1p0,-1.4904559391288785
4,1,state,v,target_effect_denominator_1p1,-1.2399550992267905
4,1,state,v,denominator_effect_target_1p0,-6.404937965242425
4,1,state,v,denominator_effect_target_1p1,-6.154437125340337
4,1,state,v,conditional_interaction,0.25050083990208805
4,4,observable,feature,target_effect_denominator_1p0,-0.0008592984430713102
4,4,observable,feature,target_effect_denominator_1p1,-0.0013503717518617009
4,4,observable,feature,denominator_effect_target_1p0,-1.0651849372322886e-05
4,4,observable,feature,denominator_effect_target_1p1,-0.0005017251581627136
4,4,observable,feature,conditional_interaction,-0.0004910733087903907
4,4,observable,residual,target_effect_denominator_1p0,0.005314707514119776
4,4,observable,residual,target_effect_denominator_1p1,-0.013575671325986138
4,4,observable,residual,denominator_effect_target_1p0,-0.02095105299378952
4,4,observable,residual,denominator_effect_target_1p1,-0.039841431833895435
4,4,observable,residual,conditional_interaction,-0.018890378840106026
4,4,state,EMA,target_effect_denominator_1p0,1.0231087799184024e-07
4,4,state,EMA,target_effect_denominator_1p1,2.989236236317083e-08
4,4,state,EMA,denominator_effect_target_1p0,3.079549060203135e-08
4,4,state,EMA,denominator_effect_target_1p1,-4.162302502663806e-08
4,4,state,EMA,conditional_interaction,-7.241851562866941e-08
4,4,state,m,target_effect_denominator_1p0,-4.965189083540622
4,4,state,m,target_effect_denominator_1p1,56.22076361657912
4,4,state,m,denominator_effect_target_1p0,-51.49829037804534
4,4,state,m,denominator_effect_target_1p1,9.687662322074402
4,4,state,m,conditional_interaction,61.18595270011974
4,4,state,net_buffer,target_effect_denominator_1p0,0.0
4,4,state,net_buffer,target_effect_denominator_1p1,0.0
4,4,state,net_buffer,denominator_effect_target_1p0,0.0
4,4,state,net_buffer,denominator_effect_target_1p1,0.0
4,4,state,net_buffer,conditional_interaction,0.0
4,4,state,scaler,target_effect_denominator_1p0,0.0
4,4,state,scaler,target_effect_denominator_1p1,0.0
4,4,state,scaler,denominator_effect_target_1p0,0.0
4,4,state,scaler,denominator_effect_target_1p1,0.0
4,4,state,scaler,conditional_interaction,0.0
4,4,state,theta,target_effect_denominator_1p0,5.475225407280959e-05
4,4,state,theta,target_effect_denominator_1p1,6.722222133248579e-05
4,4,state,theta,denominator_effect_target_1p0,2.1025533897045534e-05
4,4,state,theta,denominator_effect_target_1p1,3.349550115672173e-05
4,4,state,theta,conditional_interaction,1.2469967259676196e-05
4,4,state,v,target_effect_denominator_1p0,18.9260877675988
4,4,state,v,target_effect_denominator_1p1,102.07113717772882
4,4,state,v,denominator_effect_target_1p0,-79.66369631755515
4,4,state,v,denominator_effect_target_1p1,3.4813530925748637
4,4,state,v,conditional_interaction,83.14504941013001
4,16,observable,feature,target_effect_denominator_1p0,-5.33647531320014e-05
4,16,observable,feature,target_effect_denominator_1p1,-0.004314721101803087
4,16,observable,feature,denominator_effect_target_1p0,0.0006516371931724052
4,16,observable,feature,denominator_effect_target_1p1,-0.0036097191554986807
4,16,observable,feature,conditional_interaction,-0.004261356348671086
4,16,observable,residual,target_effect_denominator_1p0,-0.01397852746903816
4,16,observable,residual,target_effect_denominator_1p1,-0.005019043848169202
4,16,observable,residual,denominator_effect_target_1p0,0.007253301949735169
4,16,observable,residual,denominator_effect_target_1p1,0.016212785570604127
4,16,observable,residual,conditional_interaction,0.008959483620868958
4,16,state,EMA,target_effect_denominator_1p0,6.627583388763014e-07
4,16,state,EMA,target_effect_denominator_1p1,2.7300502551952377e-06
4,16,state,EMA,denominator_effect_target_1p0,-3.3012738640536554e-06
4,16,state,EMA,denominator_effect_target_1p1,-1.2339819477347191e-06
4,16,state,EMA,conditional_interaction,2.0672919163189363e-06
4,16,state,m,target_effect_denominator_1p0,-8.277524990723805
4,16,state,m,target_effect_denominator_1p1,-1.7079862917183277
4,16,state,m,denominator_effect_target_1p0,-33.127833433113494
4,16,state,m,denominator_effect_target_1p1,-26.558294734108017
4,16,state,m,conditional_interaction,6.569538699005477
4,16,state,net_buffer,target_effect_denominator_1p0,0.0
4,16,state,net_buffer,target_effect_denominator_1p1,0.0
4,16,state,net_buffer,denominator_effect_target_1p0,0.0
4,16,state,net_buffer,denominator_effect_target_1p1,0.0
4,16,state,net_buffer,conditional_interaction,0.0
4,16,state,scaler,target_effect_denominator_1p0,0.0
4,16,state,scaler,target_effect_denominator_1p1,0.0
4,16,state,scaler,denominator_effect_target_1p0,0.0
4,16,state,scaler,denominator_effect_target_1p1,0.0
4,16,state,scaler,conditional_interaction,0.0
4,16,state,theta,target_effect_denominator_1p0,7.730395827820757e-05
4,16,state,theta,target_effect_denominator_1p1,0.0004147234440097236
4,16,state,theta,denominator_effect_target_1p0,-0.0006981348683439137
4,16,state,theta,denominator_effect_target_1p1,-0.00036071538261239766
4,16,state,theta,conditional_interaction,0.00033741948573151603
4,16,state,v,target_effect_denominator_1p0,32.52083080311422
4,16,state,v,target_effect_denominator_1p1,163.72275009546138
4,16,state,v,denominator_effect_target_1p0,-295.0729384992155
4,16,state,v,denominator_effect_target_1p1,-163.87101920686837
4,16,state,v,conditional_interaction,131.20191929234716
4,64,observable,feature,target_effect_denominator_1p0,-0.006035729188820227
4,64,observable,feature,target_effect_denominator_1p1,-0.01242930122644026
4,64,observable,feature,denominator_effect_target_1p0,0.0032016101713807643
4,64,observable,feature,denominator_effect_target_1p1,-0.003191961866239268
4,64,observable,feature,conditional_interaction,-0.006393572037620032
4,64,observable,residual,target_effect_denominator_1p0,0.014194099854786146
4,64,observable,residual,target_effect_denominator_1p1,-0.005606691920232887
4,64,observable,residual,denominator_effect_target_1p0,0.0268729936765274
4,64,observable,residual,denominator_effect_target_1p1,0.007072201901508368
4,64,observable,residual,conditional_interaction,-0.019800791775019033
4,64,state,EMA,target_effect_denominator_1p0,7.217598977149464e-06
4,64,state,EMA,target_effect_denominator_1p1,3.211132525393623e-05
4,64,state,EMA,denominator_effect_target_1p0,-1.6699432308087125e-05
4,64,state,EMA,denominator_effect_target_1p1,8.19429396869964e-06
4,64,state,EMA,conditional_interaction,2.4893726276786765e-05
4,64,state,m,target_effect_denominator_1p0,2.5382546618870947
4,64,state,m,target_effect_denominator_1p1,-10.997728257389042
4,64,state,m,denominator_effect_target_1p0,-55.43411592281262
4,64,state,m,denominator_effect_target_1p1,-68.97009884208876
4,64,state,m,conditional_interaction,-13.535982919276137
4,64,state,net_buffer,target_effect_denominator_1p0,0.0
4,64,state,net_buffer,target_effect_denominator_1p1,0.0
4,64,state,net_buffer,denominator_effect_target_1p0,0.0
4,64,state,net_buffer,denominator_effect_target_1p1,0.0
4,64,state,net_buffer,conditional_interaction,0.0
4,64,state,scaler,target_effect_denominator_1p0,0.0
4,64,state,scaler,target_effect_denominator_1p1,0.0
4,64,state,scaler,denominator_effect_target_1p0,0.0
4,64,state,scaler,denominator_effect_target_1p1,0.0
4,64,state,scaler,conditional_interaction,0.0
4,64,state,theta,target_effect_denominator_1p0,-0.00012607819780896534
4,64,state,theta,target_effect_denominator_1p1,0.0011691926019921084
4,64,state,theta,denominator_effect_target_1p0,-0.001791059181869059
4,64,state,theta,denominator_effect_target_1p1,-0.0004957883820679854
4,64,state,theta,conditional_interaction,0.0012952707998010737
4,64,state,v,target_effect_denominator_1p0,325.1521685937332
4,64,state,v,target_effect_denominator_1p1,283.3533978668129
4,64,state,v,denominator_effect_target_1p0,-636.8163128054439
4,64,state,v,denominator_effect_target_1p1,-678.6150835323642
4,64,state,v,conditional_interaction,-41.79877072692034
4,128,observable,feature,target_effect_denominator_1p0,-0.005936752907075515
4,128,observable,feature,target_effect_denominator_1p1,-0.0015748324126931834
4,128,observable,feature,denominator_effect_target_1p0,-0.018921468165189026
4,128,observable,feature,denominator_effect_target_1p1,-0.014559547670806694
4,128,observable,feature,conditional_interaction,0.004361920494382332
4,128,observable,residual,target_effect_denominator_1p0,0.11856403675664495
4,128,observable,residual,target_effect_denominator_1p1,-0.08583988535908538
4,128,observable,residual,denominator_effect_target_1p0,-0.006807122307620261
4,128,observable,residual,denominator_effect_target_1p1,-0.2112110444233506
4,128,observable,residual,conditional_interaction,-0.20440392211573055
4,128,state,EMA,target_effect_denominator_1p0,2.644459527800791e-05
4,128,state,EMA,target_effect_denominator_1p1,4.109537485419423e-05
4,128,state,EMA,denominator_effect_target_1p0,-4.3774948608188424e-05
4,128,state,EMA,denominator_effect_target_1p1,-2.91241690320021e-05
4,128,state,EMA,conditional_interaction,1.4650779576186324e-05
4,128,state,m,target_effect_denominator_1p0,-15.075630812956433
4,128,state,m,target_effect_denominator_1p1,-32.302441089236936
4,128,state,m,denominator_effect_target_1p0,7.064852968092168
4,128,state,m,denominator_effect_target_1p1,-10.161957308188335
4,128,state,m,conditional_interaction,-17.226810276280503
4,128,state,net_buffer,target_effect_denominator_1p0,0.0
4,128,state,net_buffer,target_effect_denominator_1p1,0.0
4,128,state,net_buffer,denominator_effect_target_1p0,0.0
4,128,state,net_buffer,denominator_effect_target_1p1,0.0
4,128,state,net_buffer,conditional_interaction,0.0
4,128,state,scaler,target_effect_denominator_1p0,0.0
4,128,state,scaler,target_effect_denominator_1p1,0.0
4,128,state,scaler,denominator_effect_target_1p0,0.0
4,128,state,scaler,denominator_effect_target_1p1,0.0
4,128,state,scaler,conditional_interaction,0.0
4,128,state,theta,target_effect_denominator_1p0,0.0005467721148306737
4,128,state,theta,target_effect_denominator_1p1,-0.0009115190041484311
4,128,state,theta,denominator_effect_target_1p0,-0.0012512602820606844
4,128,state,theta,denominator_effect_target_1p1,-0.002709551401039789
4,128,state,theta,conditional_interaction,-0.0014582911189791048
4,128,state,v,target_effect_denominator_1p0,318.5334284863493
4,128,state,v,target_effect_denominator_1p1,8.078462422447046
4,128,state,v,denominator_effect_target_1p0,-1207.7367822742672
4,128,state,v,denominator_effect_target_1p1,-1518.1917483381694
4,128,state,v,conditional_interaction,-310.45496606390225
4,256,observable,feature,target_effect_denominator_1p0,-0.0689149693568325
4,256,observable,feature,target_effect_denominator_1p1,0.012320473020160705
4,256,observable,feature,denominator_effect_target_1p0,-0.04903121642249886
4,256,observable,feature,denominator_effect_target_1p1,0.03220422595449435
4,256,observable,feature,conditional_interaction,0.0812354423769932
4,256,observable,residual,target_effect_denominator_1p0,0.008514294606078554
4,256,observable,residual,target_effect_denominator_1p1,-0.021382920058940824
4,256,observable,residual,denominator_effect_target_1p0,0.034547920330266435
4,256,observable,residual,denominator_effect_target_1p1,0.004650705665247057
4,256,observable,residual,conditional_interaction,-0.029897214665019378
4,256,state,EMA,target_effect_denominator_1p0,-1.0457953976583667e-05
4,256,state,EMA,target_effect_denominator_1p1,2.4706860131118447e-05
4,256,state,EMA,denominator_effect_target_1p0,-9.464098002354149e-05
4,256,state,EMA,denominator_effect_target_1p1,-5.9476165915839374e-05
4,256,state,EMA,conditional_interaction,3.5164814107702114e-05
4,256,state,m,target_effect_denominator_1p0,-1.808037411841667
4,256,state,m,target_effect_denominator_1p1,15.182659948059722
4,256,state,m,denominator_effect_target_1p0,-50.930260143711166
4,256,state,m,denominator_effect_target_1p1,-33.93956278380978
4,256,state,m,conditional_interaction,16.99069735990139
4,256,state,net_buffer,target_effect_denominator_1p0,0.0
4,256,state,net_buffer,target_effect_denominator_1p1,0.0
4,256,state,net_buffer,denominator_effect_target_1p0,0.0
4,256,state,net_buffer,denominator_effect_target_1p1,0.0
4,256,state,net_buffer,conditional_interaction,0.0
4,256,state,scaler,target_effect_denominator_1p0,-64.0
4,256,state,scaler,target_effect_denominator_1p1,64.0
4,256,state,scaler,denominator_effect_target_1p0,-64.0
4,256,state,scaler,denominator_effect_target_1p1,64.0
4,256,state,scaler,conditional_interaction,128.0
4,256,state,theta,target_effect_denominator_1p0,0.0005729805898226914
4,256,state,theta,target_effect_denominator_1p1,-0.0006667041338914714
4,256,state,theta,denominator_effect_target_1p0,-0.0018419487323626527
4,256,state,theta,denominator_effect_target_1p1,-0.0030816334560768155
4,256,state,theta,conditional_interaction,-0.0012396847237141628
4,256,state,v,target_effect_denominator_1p0,-475.14667635831574
4,256,state,v,target_effect_denominator_1p1,-151.12621575912635
4,256,state,v,denominator_effect_target_1p0,-3092.1226072956633
4,256,state,v,denominator_effect_target_1p1,-2768.102146696474
4,256,state,v,conditional_interaction,324.0204605991894
4,500,observable,feature,target_effect_denominator_1p0,-0.0483291726098507
4,500,observable,feature,target_effect_denominator_1p1,-0.0318576400738344
4,500,observable,feature,denominator_effect_target_1p0,0.03351901454047024
4,500,observable,feature,denominator_effect_target_1p1,0.049990547076486536
4,500,observable,feature,conditional_interaction,0.016471532536016298
4,500,observable,residual,target_effect_denominator_1p0,0.04601606255441859
4,500,observable,residual,target_effect_denominator_1p1,0.0026105492019588006
4,500,observable,residual,denominator_effect_target_1p0,0.03305551633455517
4,500,observable,residual,denominator_effect_target_1p1,-0.010349997017904622
4,500,observable,residual,conditional_interaction,-0.04340551335245979
4,500,state,EMA,target_effect_denominator_1p0,-4.3749304950324586e-05
4,500,state,EMA,target_effect_denominator_1p1,-4.8204583436017856e-05
4,500,state,EMA,denominator_effect_target_1p0,-0.0003644217922555981
4,500,state,EMA,denominator_effect_target_1p1,-0.0003688770707412914
4,500,state,EMA,conditional_interaction,-4.45527848569327e-06
4,500,state,m,target_effect_denominator_1p0,1.3702757161374848
4,500,state,m,target_effect_denominator_1p1,-0.07216758463152928
4,500,state,m,denominator_effect_target_1p0,-34.78875171485333
4,500,state,m,denominator_effect_target_1p1,-36.23119501562235
4,500,state,m,conditional_interaction,-1.442443300769014
4,500,state,net_buffer,target_effect_denominator_1p0,0.0
4,500,state,net_buffer,target_effect_denominator_1p1,0.0
4,500,state,net_buffer,denominator_effect_target_1p0,0.0
4,500,state,net_buffer,denominator_effect_target_1p1,0.0
4,500,state,net_buffer,conditional_interaction,0.0
4,500,state,scaler,target_effect_denominator_1p0,-64.0
4,500,state,scaler,target_effect_denominator_1p1,64.0
4,500,state,scaler,denominator_effect_target_1p0,-64.0
4,500,state,scaler,denominator_effect_target_1p1,64.0
4,500,state,scaler,conditional_interaction,128.0
4,500,state,theta,target_effect_denominator_1p0,0.0004345812967585516
4,500,state,theta,target_effect_denominator_1p1,-0.0002884935001929989
4,500,state,theta,denominator_effect_target_1p0,-0.005211894540934736
4,500,state,theta,denominator_effect_target_1p1,-0.005934969337886287
4,500,state,theta,conditional_interaction,-0.0007230747969515505
4,500,state,v,target_effect_denominator_1p0,-104.96312085434329
4,500,state,v,target_effect_denominator_1p1,-263.57887007380486
4,500,state,v,denominator_effect_target_1p0,-5636.379648414455
4,500,state,v,denominator_effect_target_1p1,-5794.995397633917
4,500,state,v,conditional_interaction,-158.61574921946158
5,0,observable,feature,target_effect_denominator_1p0,0.0
5,0,observable,feature,target_effect_denominator_1p1,0.0
5,0,observable,feature,denominator_effect_target_1p0,0.0
5,0,observable,feature,denominator_effect_target_1p1,0.0
5,0,observable,feature,conditional_interaction,0.0
5,0,observable,residual,target_effect_denominator_1p0,0.0
5,0,observable,residual,target_effect_denominator_1p1,0.0
5,0,observable,residual,denominator_effect_target_1p0,0.0
5,0,observable,residual,denominator_effect_target_1p1,0.0
5,0,observable,residual,conditional_interaction,0.0
5,0,state,EMA,target_effect_denominator_1p0,0.0
5,0,state,EMA,target_effect_denominator_1p1,0.0
5,0,state,EMA,denominator_effect_target_1p0,0.0
5,0,state,EMA,denominator_effect_target_1p1,0.0
5,0,state,EMA,conditional_interaction,0.0
5,0,state,m,target_effect_denominator_1p0,0.0
5,0,state,m,target_effect_denominator_1p1,0.0
5,0,state,m,denominator_effect_target_1p0,0.0
5,0,state,m,denominator_effect_target_1p1,0.0
5,0,state,m,conditional_interaction,0.0
5,0,state,net_buffer,target_effect_denominator_1p0,0.0
5,0,state,net_buffer,target_effect_denominator_1p1,0.0
5,0,state,net_buffer,denominator_effect_target_1p0,0.0
5,0,state,net_buffer,denominator_effect_target_1p1,0.0
5,0,state,net_buffer,conditional_interaction,0.0
5,0,state,scaler,target_effect_denominator_1p0,0.0
5,0,state,scaler,target_effect_denominator_1p1,0.0
5,0,state,scaler,denominator_effect_target_1p0,0.0
5,0,state,scaler,denominator_effect_target_1p1,0.0
5,0,state,scaler,conditional_interaction,0.0
5,0,state,theta,target_effect_denominator_1p0,0.0
5,0,state,theta,target_effect_denominator_1p1,0.0
5,0,state,theta,denominator_effect_target_1p0,0.0
5,0,state,theta,denominator_effect_target_1p1,0.0
5,0,state,theta,conditional_interaction,0.0
5,0,state,v,target_effect_denominator_1p0,0.0
5,0,state,v,target_effect_denominator_1p1,0.0
5,0,state,v,denominator_effect_target_1p0,0.0
5,0,state,v,denominator_effect_target_1p1,0.0
5,0,state,v,conditional_interaction,0.0
5,1,observable,feature,target_effect_denominator_1p0,0.00032783022797389094
5,1,observable,feature,target_effect_denominator_1p1,-0.0006731409467555238
5,1,observable,feature,denominator_effect_target_1p0,0.002957516848365316
5,1,observable,feature,denominator_effect_target_1p1,0.001956545673635901
5,1,observable,feature,conditional_interaction,-0.0010009711747294148
5,1,observable,residual,target_effect_denominator_1p0,-0.011525067531260591
5,1,observable,residual,target_effect_denominator_1p1,-0.005457099740077465
5,1,observable,residual,denominator_effect_target_1p0,-0.003610557070766296
5,1,observable,residual,denominator_effect_target_1p1,0.0024574107204168305
5,1,observable,residual,conditional_interaction,0.0060679677911831265
5,1,state,EMA,target_effect_denominator_1p0,-9.536961442790926e-09
5,1,state,EMA,target_effect_denominator_1p1,-7.096787157934159e-09
5,1,state,EMA,denominator_effect_target_1p0,1.1857082427013665e-08
5,1,state,EMA,denominator_effect_target_1p1,1.4297256711870432e-08
5,1,state,EMA,conditional_interaction,2.4401742848567665e-09
5,1,state,m,target_effect_denominator_1p0,-0.2947269430774213
5,1,state,m,target_effect_denominator_1p1,-0.43389624288352024
5,1,state,m,denominator_effect_target_1p0,-5.3139586723899015
5,1,state,m,denominator_effect_target_1p1,-5.453127972196
5,1,state,m,conditional_interaction,-0.13916929980609893
5,1,state,net_buffer,target_effect_denominator_1p0,0.0
5,1,state,net_buffer,target_effect_denominator_1p1,0.0
5,1,state,net_buffer,denominator_effect_target_1p0,0.0
5,1,state,net_buffer,denominator_effect_target_1p1,0.0
5,1,state,net_buffer,conditional_interaction,0.0
5,1,state,scaler,target_effect_denominator_1p0,0.0
5,1,state,scaler,target_effect_denominator_1p1,0.0
5,1,state,scaler,denominator_effect_target_1p0,0.0
5,1,state,scaler,denominator_effect_target_1p1,0.0
5,1,state,scaler,conditional_interaction,0.0
5,1,state,theta,target_effect_denominator_1p0,-6.324193236650899e-06
5,1,state,theta,target_effect_denominator_1p1,-5.873872396477964e-06
5,1,state,theta,denominator_effect_target_1p0,5.195979156269459e-06
5,1,state,theta,denominator_effect_target_1p1,5.646299996442394e-06
5,1,state,theta,conditional_interaction,4.503208401729353e-07
5,1,state,v,target_effect_denominator_1p0,8.059255295200273
5,1,state,v,target_effect_denominator_1p1,6.7074979625758715
5,1,state,v,denominator_effect_target_1p0,-3.9208949595340528
5,1,state,v,denominator_effect_target_1p1,-5.272652292158455
5,1,state,v,conditional_interaction,-1.351757332624402
5,4,observable,feature,target_effect_denominator_1p0,0.0014435390956109018
5,4,observable,feature,target_effect_denominator_1p1,-0.0011789471553598219
5,4,observable,feature,denominator_effect_target_1p0,0.006991061742276372
5,4,observable,feature,denominator_effect_target_1p1,0.0043685754913056485
5,4,observable,feature,conditional_interaction,-0.0026224862509707236
5,4,observable,residual,target_effect_denominator_1p0,-0.009541957627115627
5,4,observable,residual,target_effect_denominator_1p1,0.031135649604076665
5,4,observable,residual,denominator_effect_target_1p0,-0.0009719198141024954
5,4,observable,residual,denominator_effect_target_1p1,0.0397056874170898
5,4,observable,residual,conditional_interaction,0.04067760723119229
5,4,state,EMA,target_effect_denominator_1p0,-1.8040418581222184e-07
5,4,state,EMA,target_effect_denominator_1p1,-1.0066150935017504e-07
5,4,state,EMA,denominator_effect_target_1p0,-1.5311343304347247e-09
5,4,state,EMA,denominator_effect_target_1p1,7.821154213161208e-08
5,4,state,EMA,conditional_interaction,7.97426764620468e-08
5,4,state,m,target_effect_denominator_1p0,2.8087963474295066
5,4,state,m,target_effect_denominator_1p1,-7.4251445205441655
5,4,state,m,denominator_effect_target_1p0,-35.229731262683
5,4,state,m,denominator_effect_target_1p1,-45.463672130656676
5,4,state,m,conditional_interaction,-10.233940867973672
5,4,state,net_buffer,target_effect_denominator_1p0,0.0
5,4,state,net_buffer,target_effect_denominator_1p1,0.0
5,4,state,net_buffer,denominator_effect_target_1p0,0.0
5,4,state,net_buffer,denominator_effect_target_1p1,0.0
5,4,state,net_buffer,conditional_interaction,0.0
5,4,state,scaler,target_effect_denominator_1p0,0.0
5,4,state,scaler,target_effect_denominator_1p1,0.0
5,4,state,scaler,denominator_effect_target_1p0,0.0
5,4,state,scaler,denominator_effect_target_1p1,0.0
5,4,state,scaler,conditional_interaction,0.0
5,4,state,theta,target_effect_denominator_1p0,-0.00013847829359292518
5,4,state,theta,target_effect_denominator_1p1,-5.371463930714526e-05
5,4,state,theta,denominator_effect_target_1p0,-1.1928802450711373e-05
5,4,state,theta,denominator_effect_target_1p1,7.283485183506855e-05
5,4,state,theta,conditional_interaction,8.476365428577992e-05
5,4,state,v,target_effect_denominator_1p0,-9.961006557030487
5,4,state,v,target_effect_denominator_1p1,-45.27314727776684
5,4,state,v,denominator_effect_target_1p0,-65.38718982654973
5,4,state,v,denominator_effect_target_1p1,-100.69933054728608
5,4,state,v,conditional_interaction,-35.31214072073635
5,16,observable,feature,target_effect_denominator_1p0,0.0007178750657033106
5,16,observable,feature,target_effect_denominator_1p1,0.00013428630166600897
5,16,observable,feature,denominator_effect_target_1p0,0.0027263635411500786
5,16,observable,feature,denominator_effect_target_1p1,0.002142774777112777
5,16,observable,feature,conditional_interaction,-0.0005835887640373016
5,16,observable,residual,target_effect_denominator_1p0,0.019244636976785356
5,16,observable,residual,target_effect_denominator_1p1,-0.00041760416984193416
5,16,observable,residual,denominator_effect_target_1p0,0.012254372969284999
5,16,observable,residual,denominator_effect_target_1p1,-0.007407868177342292
5,16,observable,residual,conditional_interaction,-0.01966224114662729
5,16,state,EMA,target_effect_denominator_1p0,-1.9060985323449131e-06
5,16,state,EMA,target_effect_denominator_1p1,-1.380276898999e-06
5,16,state,EMA,denominator_effect_target_1p0,-3.207751433365047e-07
5,16,state,EMA,denominator_effect_target_1p1,2.0504649000940844e-07
5,16,state,EMA,conditional_interaction,5.258216333459131e-07
5,16,state,m,target_effect_denominator_1p0,-9.650854239162982
5,16,state,m,target_effect_denominator_1p1,-33.47420602350019
5,16,state,m,denominator_effect_target_1p0,-43.640963821450214
5,16,state,m,denominator_effect_target_1p1,-67.46431560578742
5,16,state,m,conditional_interaction,-23.82335178433715
5,16,state,net_buffer,target_effect_denominator_1p0,0.0
5,16,state,net_buffer,target_effect_denominator_1p1,0.0
5,16,state,net_buffer,denominator_effect_target_1p0,0.0
5,16,state,net_buffer,denominator_effect_target_1p1,0.0
5,16,state,net_buffer,conditional_interaction,0.0
5,16,state,scaler,target_effect_denominator_1p0,0.0
5,16,state,scaler,target_effect_denominator_1p1,0.0
5,16,state,scaler,denominator_effect_target_1p0,0.0
5,16,state,scaler,denominator_effect_target_1p1,0.0
5,16,state,scaler,conditional_interaction,0.0
5,16,state,theta,target_effect_denominator_1p0,-0.0002875260711334704
5,16,state,theta,target_effect_denominator_1p1,-6.446925954151084e-05
5,16,state,theta,denominator_effect_target_1p0,-0.0005204578651500924
5,16,state,theta,denominator_effect_target_1p1,-0.00029740105355813284
5,16,state,theta,conditional_interaction,0.00022305681159195956
5,16,state,v,target_effect_denominator_1p0,-147.44413012519362
5,16,state,v,target_effect_denominator_1p1,-271.40998773497995
5,16,state,v,denominator_effect_target_1p0,-402.1219072639069
5,16,state,v,denominator_effect_target_1p1,-526.0877648736932
5,16,state,v,conditional_interaction,-123.96585760978633
5,64,observable,feature,target_effect_denominator_1p0,0.010654383234935949
5,64,observable,feature,target_effect_denominator_1p1,-0.020789794318666566
5,64,observable,feature,denominator_effect_target_1p0,0.02373579601427167
5,64,observable,feature,denominator_effect_target_1p1,-0.007708381539330844
5,64,observable,feature,conditional_interaction,-0.031444177553602515
5,64,observable,residual,target_effect_denominator_1p0,-0.027992832852496985
5,64,observable,residual,target_effect_denominator_1p1,-0.14974184807215352
5,64,observable,residual,denominator_effect_target_1p0,0.12041741493850266
5,64,observable,residual,denominator_effect_target_1p1,-0.0013316002811538663
5,64,observable,residual,conditional_interaction,-0.12174901521965653
5,64,state,EMA,target_effect_denominator_1p0,-9.730428701004712e-06
5,64,state,EMA,target_effect_denominator_1p1,-2.7580972528085113e-06
5,64,state,EMA,denominator_effect_target_1p0,-1.0592981652735034e-05
5,64,state,EMA,denominator_effect_target_1p1,-3.6206502045388333e-06
5,64,state,EMA,conditional_interaction,6.972331448196201e-06
5,64,state,m,target_effect_denominator_1p0,39.33807709810452
5,64,state,m,target_effect_denominator_1p1,11.584105170567796
5,64,state,m,denominator_effect_target_1p0,-23.06229065727166
5,64,state,m,denominator_effect_target_1p1,-50.816262584808385
5,64,state,m,conditional_interaction,-27.753971927536725
5,64,state,net_buffer,target_effect_denominator_1p0,0.0
5,64,state,net_buffer,target_effect_denominator_1p1,0.0
5,64,state,net_buffer,denominator_effect_target_1p0,0.0
5,64,state,net_buffer,denominator_effect_target_1p1,0.0
5,64,state,net_buffer,conditional_interaction,0.0
5,64,state,scaler,target_effect_denominator_1p0,0.0
5,64,state,scaler,target_effect_denominator_1p1,0.0
5,64,state,scaler,denominator_effect_target_1p0,0.0
5,64,state,scaler,denominator_effect_target_1p1,0.0
5,64,state,scaler,conditional_interaction,0.0
5,64,state,theta,target_effect_denominator_1p0,0.0008198715031539905
5,64,state,theta,target_effect_denominator_1p1,0.0005639052710648684
5,64,state,theta,denominator_effect_target_1p0,6.544258121721214e-05
5,64,state,theta,denominator_effect_target_1p1,-0.00019052365087190992
5,64,state,theta,conditional_interaction,-0.00025596623208912206
5,64,state,v,target_effect_denominator_1p0,-110.73808763323177
5,64,state,v,target_effect_denominator_1p1,-402.7896607779694
5,64,state,v,denominator_effect_target_1p0,-1740.9700221707026
5,64,state,v,denominator_effect_target_1p1,-2033.0215953154402
5,64,state,v,conditional_interaction,-292.05157314473763
5,128,observable,feature,target_effect_denominator_1p0,0.024940014927906873
5,128,observable,feature,target_effect_denominator_1p1,0.019276456520614715
5,128,observable,feature,denominator_effect_target_1p0,0.00025703420168099456
5,128,observable,feature,denominator_effect_target_1p1,-0.005406524205611163
5,128,observable,feature,conditional_interaction,-0.005663558407292157
5,128,observable,residual,target_effect_denominator_1p0,0.05454251084499684
5,128,observable,residual,target_effect_denominator_1p1,-0.0029689595238614475
5,128,observable,residual,denominator_effect_target_1p0,0.02222432783883954
5,128,observable,residual,denominator_effect_target_1p1,-0.035287142530018745
5,128,observable,residual,conditional_interaction,-0.057511470368858286
5,128,state,EMA,target_effect_denominator_1p0,-1.0892000318563078e-05
5,128,state,EMA,target_effect_denominator_1p1,1.9793993487837724e-05
5,128,state,EMA,denominator_effect_target_1p0,-2.3033515844872454e-05
5,128,state,EMA,denominator_effect_target_1p1,7.652477961528348e-06
5,128,state,EMA,conditional_interaction,3.06859938064008e-05
5,128,state,m,target_effect_denominator_1p0,-57.66615601936701
5,128,state,m,target_effect_denominator_1p1,14.699777252853892
5,128,state,m,denominator_effect_target_1p0,-99.20592115107218
5,128,state,m,denominator_effect_target_1p1,-26.839987878851275
5,128,state,m,conditional_interaction,72.3659332722209
5,128,state,net_buffer,target_effect_denominator_1p0,0.0
5,128,state,net_buffer,target_effect_denominator_1p1,0.0
5,128,state,net_buffer,denominator_effect_target_1p0,0.0
5,128,state,net_buffer,denominator_effect_target_1p1,0.0
5,128,state,net_buffer,conditional_interaction,0.0
5,128,state,scaler,target_effect_denominator_1p0,0.0
5,128,state,scaler,target_effect_denominator_1p1,0.0
5,128,state,scaler,denominator_effect_target_1p0,0.0
5,128,state,scaler,denominator_effect_target_1p1,0.0
5,128,state,scaler,conditional_interaction,0.0
5,128,state,theta,target_effect_denominator_1p0,-0.0005823519850309822
5,128,state,theta,target_effect_denominator_1p1,0.0018922236790785973
5,128,state,theta,denominator_effect_target_1p0,-0.003663830696950754
5,128,state,theta,denominator_effect_target_1p1,-0.0011892550328411744
5,128,state,theta,conditional_interaction,0.0024745756641095795
5,128,state,v,target_effect_denominator_1p0,452.72556043929944
5,128,state,v,target_effect_denominator_1p1,-740.321701912675
5,128,state,v,denominator_effect_target_1p0,-2860.6951202110504
5,128,state,v,denominator_effect_target_1p1,-4053.742382563025
5,128,state,v,conditional_interaction,-1193.0472623519745
5,256,observable,feature,target_effect_denominator_1p0,0.01651042110098544
5,256,observable,feature,target_effect_denominator_1p1,-0.005802314497756811
5,256,observable,feature,denominator_effect_target_1p0,0.009174759542414535
5,256,observable,feature,denominator_effect_target_1p1,-0.013137976056327716
5,256,observable,feature,conditional_interaction,-0.02231273559874225
5,256,observable,residual,target_effect_denominator_1p0,-0.0055076215273048845
5,256,observable,residual,target_effect_denominator_1p1,0.05722051510765702
5,256,observable,residual,denominator_effect_target_1p0,0.02811359917219247
5,256,observable,residual,denominator_effect_target_1p1,0.09084173580715438
5,256,observable,residual,conditional_interaction,0.0627281366349619
5,256,state,EMA,target_effect_denominator_1p0,3.986777846876066e-05
5,256,state,EMA,target_effect_denominator_1p1,0.00017532798392494442
5,256,state,EMA,denominator_effect_target_1p0,-0.0001499504801358853
5,256,state,EMA,denominator_effect_target_1p1,-1.4490274679701542e-05
5,256,state,EMA,conditional_interaction,0.00013546020545618376
5,256,state,m,target_effect_denominator_1p0,3.751771650807143
5,256,state,m,target_effect_denominator_1p1,8.16179025650058
5,256,state,m,denominator_effect_target_1p0,-102.53404433797692
5,256,state,m,denominator_effect_target_1p1,-98.12402573228349
5,256,state,m,conditional_interaction,4.410018605693438
5,256,state,net_buffer,target_effect_denominator_1p0,0.0
5,256,state,net_buffer,target_effect_denominator_1p1,0.0
5,256,state,net_buffer,denominator_effect_target_1p0,0.0
5,256,state,net_buffer,denominator_effect_target_1p1,0.0
5,256,state,net_buffer,conditional_interaction,0.0
5,256,state,scaler,target_effect_denominator_1p0,0.0
5,256,state,scaler,target_effect_denominator_1p1,0.0
5,256,state,scaler,denominator_effect_target_1p0,0.0
5,256,state,scaler,denominator_effect_target_1p1,0.0
5,256,state,scaler,conditional_interaction,0.0
5,256,state,theta,target_effect_denominator_1p0,0.0016219411127167405
5,256,state,theta,target_effect_denominator_1p1,0.0017085959902942705
5,256,state,theta,denominator_effect_target_1p0,-0.003504162811623246
5,256,state,theta,denominator_effect_target_1p1,-0.003417507934045716
5,256,state,theta,conditional_interaction,8.665487757752999e-05
5,256,state,v,target_effect_denominator_1p0,595.728663353817
5,256,state,v,target_effect_denominator_1p1,-135.99570955331728
5,256,state,v,denominator_effect_target_1p0,-4432.61676879524
5,256,state,v,denominator_effect_target_1p1,-5164.341141702374
5,256,state,v,conditional_interaction,-731.7243729071342
5,500,observable,feature,target_effect_denominator_1p0,-0.0012547133577385239
5,500,observable,feature,target_effect_denominator_1p1,0.0954323097593317
5,500,observable,feature,denominator_effect_target_1p0,-0.04993288580924826
5,500,observable,feature,denominator_effect_target_1p1,0.046754137307821964
5,500,observable,feature,conditional_interaction,0.09668702311707023
5,500,observable,residual,target_effect_denominator_1p0,-0.642790075483791
5,500,observable,residual,target_effect_denominator_1p1,-0.40442042549408375
5,500,observable,residual,denominator_effect_target_1p0,-0.193710717902158
5,500,observable,residual,denominator_effect_target_1p1,0.04465893208754923
5,500,observable,residual,conditional_interaction,0.23836964998970722
5,500,state,EMA,target_effect_denominator_1p0,0.00010783595507746213
5,500,state,EMA,target_effect_denominator_1p1,0.00011176847692695446
5,500,state,EMA,denominator_effect_target_1p0,-0.00041648030855867546
5,500,state,EMA,denominator_effect_target_1p1,-0.00041254778670918313
5,500,state,EMA,conditional_interaction,3.932521849492332e-06
5,500,state,m,target_effect_denominator_1p0,10.377572742298923
5,500,state,m,target_effect_denominator_1p1,55.664899190908784
5,500,state,m,denominator_effect_target_1p0,-42.14451319375405
5,500,state,m,denominator_effect_target_1p1,3.1428132548558096
5,500,state,m,conditional_interaction,45.28732644860986
5,500,state,net_buffer,target_effect_denominator_1p0,0.0
5,500,state,net_buffer,target_effect_denominator_1p1,0.0
5,500,state,net_buffer,denominator_effect_target_1p0,0.0
5,500,state,net_buffer,denominator_effect_target_1p1,0.0
5,500,state,net_buffer,conditional_interaction,0.0
5,500,state,scaler,target_effect_denominator_1p0,0.0
5,500,state,scaler,target_effect_denominator_1p1,64.0
5,500,state,scaler,denominator_effect_target_1p0,-64.0
5,500,state,scaler,denominator_effect_target_1p1,0.0
5,500,state,scaler,conditional_interaction,64.0
5,500,state,theta,target_effect_denominator_1p0,-0.0006849709138805338
5,500,state,theta,target_effect_denominator_1p1,-0.0034285139672647347
5,500,state,theta,denominator_effect_target_1p0,-0.004579887937325111
5,500,state,theta,denominator_effect_target_1p1,-0.007323430990709312
5,500,state,theta,conditional_interaction,-0.002743543053384201
5,500,state,v,target_effect_denominator_1p0,-724.5222746616346
5,500,state,v,target_effect_denominator_1p1,-41.30975099850912
5,500,state,v,denominator_effect_target_1p0,-8009.715924256641
5,500,state,v,denominator_effect_target_1p1,-7326.503400593516
5,500,state,v,conditional_interaction,683.2125236631255
