seed,nfe,metric,budget_kimg,S_A,S_B,H_A,H_B,I_switch
3,1,kid50k_full,512,0.0,0.0,-0.0007459376826826833,-0.0007459376826826833,0.0
3,1,kid50k_full,640,0.0002137126926926563,9.110753503505792e-05,-0.0020195210260260405,-0.002142126183683639,-0.00012260515765759837
3,1,kid50k_full,768,4.7795900900855434e-05,-0.00016814169419419097,-0.0012543652127127323,-0.0014703028078077787,-0.00021593759509504727
3,1,kid50k_full,896,0.00013311974224224782,0.00019403479229233248,-0.001008298400900903,-0.0009473833508508184,6.0915050050084664e-05
3,1,kid50k_full,1024,0.0002268337462462567,0.00017271586336334646,-0.0007355707382382341,-0.0007896886211211443,-5.411788288291024e-05
3,1,fid50k_full,512,0.0,0.0,-0.4124470748584841,-0.4124470748584841,0.0
3,1,fid50k_full,640,0.2704268474213176,0.05724907921997513,-2.298837228528887,-2.5120149967302297,-0.2131777682013425
3,1,fid50k_full,768,0.11499259291063169,-0.22352884246373073,-1.6190339734204624,-1.9575554087948248,-0.3385214353743624
3,1,fid50k_full,896,0.21384044771663113,0.0410550011923938,-1.3388442353802965,-1.5116296819045338,-0.17278544652423733
3,1,fid50k_full,1024,0.2852611590438663,0.06238843778567649,-1.045442802213703,-1.2683155234718928,-0.2228727212581898
3,2,kid50k_full,512,0.0,0.0,-0.006851131423923934,-0.006851131423923934,0.0
3,2,kid50k_full,640,5.190317817846228e-06,-3.1402052052221727e-06,0.0006808291891892027,0.0006724986661661343,-8.3305230230684e-06
3,2,kid50k_full,768,-4.290487237237385e-05,-2.2022372372416336e-05,-0.00029721609109108183,-0.0002763335910911243,2.0882499999957515e-05
3,2,kid50k_full,896,-2.1829489489459718e-05,2.2638350850884108e-05,-0.00035056339339338137,-0.00030609555305303755,4.4467840340343826e-05
3,2,kid50k_full,1024,2.4859912412462113e-05,6.0684456956937435e-05,-0.00012488259759756148,-8.905805305308616e-05,3.582454454447532e-05
3,2,fid50k_full,512,0.0,0.0,-8.864628423299436,-8.864628423299436,0.0
3,2,fid50k_full,640,0.005723053088100727,-0.0158152859681433,-0.6203914105544586,-0.6419297496107026,-0.021538339056244027
3,2,fid50k_full,768,0.0069378500602703674,-0.04448965895312096,-0.270579338603405,-0.3220068476167963,-0.051427509013391326
3,2,fid50k_full,896,-0.005136076752881635,-0.018268436545769706,-0.19722066373054092,-0.210353023523429,-0.013132359792888071
3,2,fid50k_full,1024,0.05710487914274953,0.04131397552561333,-0.07618018479363453,-0.09197108841077073,-0.0157909036171362
4,1,kid50k_full,512,0.0,0.0,-0.0038187623948949083,-0.0038187623948949083,0.0
4,1,kid50k_full,640,-0.00014357648398396518,0.00017249134634634167,8.912690440444297e-05,0.0004051947347347498,0.00031606783033030685
4,1,kid50k_full,768,-0.00011707050550545817,0.0002404124899899945,-5.043738738695798e-06,0.0003524392567567569,0.0003574829954954527
4,1,kid50k_full,896,-7.472804054054448e-05,0.00022674222222224174,-9.376182182183578e-05,0.00020770844094095044,0.0003014702627627862
4,1,kid50k_full,1024,0.00011871757257254575,0.0002716985835836015,-0.00011552467217217696,3.745633883887878e-05,0.00015298101101105573
4,1,fid50k_full,512,0.0,0.0,-4.365149509848095,-4.365149509848095,0.0
4,1,fid50k_full,640,-0.2243367460233987,0.21758656255409115,0.13263098682328867,0.5745542954007785,0.44192330857748985
4,1,fid50k_full,768,-0.06559945034461379,0.2705785124528486,0.054295402280457594,0.39047336507791996,0.33617796279746237
4,1,fid50k_full,896,0.03622115082737487,0.2671253901668482,-0.018783105955652246,0.2121211333838211,0.23090423933947335
4,1,fid50k_full,1024,0.24362048176852014,0.28160657224853836,-0.05279809494601473,-0.014812004465996509,0.03798609048001822
4,2,kid50k_full,512,0.0,0.0,-0.0002932560710710596,-0.0002932560710710596,0.0
4,2,kid50k_full,640,-3.506166916909933e-05,5.964067817819797e-05,-0.000204949557057057,-0.0001102472097097597,9.47023473472973e-05
4,2,kid50k_full,768,-5.738340840846833e-05,6.780835085084614e-05,-8.44250125125155e-05,4.076674674679897e-05,0.00012519175925931447
4,2,kid50k_full,896,2.4838288288401515e-06,3.072270020020376e-05,1.577220720723287e-05,4.401107857859648e-05,2.823887137136361e-05
4,2,kid50k_full,1024,-6.134361861854804e-06,8.607719219219689e-05,-4.8010683183165336e-05,4.4200870870886354e-05,9.221155405405169e-05
4,2,fid50k_full,512,0.0,0.0,-0.720354273086115,-0.720354273086115,0.0
4,2,fid50k_full,640,-0.0459008877763063,0.05317682969408999,-0.1541077472877257,-0.05503002981732941,0.09907771747039629
4,2,fid50k_full,768,-0.02188606174027319,0.0632142620099101,-0.016431442201015667,0.06866888154916762,0.08510032375018328
4,2,fid50k_full,896,0.04857948231386944,0.05595379083546703,0.01627826511861974,0.023652573640217334,0.0073743085215975945
4,2,fid50k_full,1024,0.03631092151432824,0.07965905439318455,-0.05686453552922632,-0.013516402650370019,0.043348132878856305
5,1,kid50k_full,512,0.0,0.0,0.005942756826826899,0.005942756826826899,0.0
5,1,kid50k_full,640,8.517946196198462e-05,2.565054054055882e-05,-0.0007118332832832626,-0.0007713622047046884,-5.95289214214258e-05
5,1,kid50k_full,768,-8.723758258259284e-05,0.00020779247247249694,-0.0008808913413413354,-0.0005858612862862456,0.00029503005505508977
5,1,kid50k_full,896,-0.00011001529029025254,0.00028435558808807826,-0.0006471543093092896,-0.0002527834309309588,0.0003943708783783308
5,1,kid50k_full,1024,0.00023789972472476606,3.911627627627319e-05,-0.0003401493143142956,-0.0005389327627627885,-0.00019878344844849287
5,1,fid50k_full,512,0.0,0.0,5.606324257114551,5.606324257114551,0.0
5,1,fid50k_full,640,0.07316163288381361,0.09933886632473943,-1.0803026595502256,-1.0541254261092998,0.026177233440925818
5,1,fid50k_full,768,-0.14215463232515013,0.2594238309027155,-1.2317457463811028,-0.8301672831532372,0.4015784632278656
5,1,fid50k_full,896,-0.17010079082960594,0.28565934822827543,-0.962738748795724,-0.5069786097378426,0.4557601390578814
5,1,fid50k_full,1024,0.10875461017936594,0.07493450633243803,-0.6711737711416967,-0.7049938749886246,-0.03382010384692791
5,2,kid50k_full,512,0.0,0.0,0.0027684981531531554,0.0027684981531531554,0.0
5,2,kid50k_full,640,-8.74020020018686e-06,-6.065005005043448e-06,-0.00041445820070067866,-0.00041178300550553525,2.675195195143195e-06
5,2,kid50k_full,768,5.674856606612596e-05,4.417599349350429e-05,-0.0002946619394393838,-0.00030723451201200547,-1.2572572572621668e-05
5,2,kid50k_full,896,-1.6270060060096306e-05,6.800116616620475e-05,-0.00015386727227226856,-6.95960460459675e-05,8.427122622630106e-05
5,2,kid50k_full,1024,-4.945748248248033e-05,-2.107951951948507e-05,-7.156530030032161e-05,-4.3187337337326345e-05,2.8377962962995154e-05
5,2,fid50k_full,512,0.0,0.0,1.7683846733324842,1.7683846733324842,0.0
5,2,fid50k_full,640,-0.00487786675931412,0.026622807091362333,-0.07396196150749912,-0.042461287656822666,0.03150067385067645
5,2,fid50k_full,768,0.043887783436480365,0.01757061055225906,-0.06482529906780288,-0.09114247195202418,-0.026317172884221307
5,2,fid50k_full,896,-0.04594091640496911,0.0756069844262015,-0.1181786373237137,0.003369263507456921,0.12154790083117062
5,2,fid50k_full,1024,-0.09438668773999792,0.011139188662550037,-0.11229067290476191,-0.0067647965022139545,0.10552587640254796
6,1,kid50k_full,512,0.0,0.0,0.004799339369369403,0.004799339369369403,0.0
6,1,kid50k_full,640,0.00013347408658658487,8.566328828821593e-06,-0.001993850610610585,-0.002118758368368348,-0.00012490775775776328
6,1,kid50k_full,768,0.0006904660785785385,2.5325437937931232e-05,-0.001141701726726797,-0.0018068423673674042,-0.0006651406406406064
6,1,kid50k_full,896,0.0005946197472472287,6.588999999997212e-05,-0.00019967253503499777,-0.0007284022822822544,-0.0005287297472472566
6,1,kid50k_full,1024,0.00015160241241243908,-5.260428178179531e-05,-3.312201451448858e-05,-0.00023732870870872298,-0.0002042066941942344
6,1,fid50k_full,512,0.0,0.0,0.8986697884250745,0.8986697884250745,0.0
6,1,fid50k_full,640,0.12142860526946464,0.008153968446713122,-3.037843969421065,-3.1511186062438163,-0.11327463682275152
6,1,fid50k_full,768,0.775418627709783,0.008216262117130668,-1.7941003945901457,-2.561302760182798,-0.7672023655926523
6,1,fid50k_full,896,0.647315243852912,0.11450770038954872,-0.6600427254238994,-1.1928502688872626,-0.5328075434633632
6,1,fid50k_full,1024,0.21464908992938447,-0.04769500637728186,-0.37402726523785645,-0.6363713615445228,-0.26234409630666633
6,2,kid50k_full,512,0.0,0.0,-0.00013937895145141755,-0.00013937895145141755,0.0
6,2,kid50k_full,640,2.504032532533074e-05,-2.6863638638646974e-05,-0.0005974830755755603,-0.0006493870395395381,-5.190396396397793e-05
6,2,kid50k_full,768,0.00012171705705711243,-1.6565030029996788e-05,-0.00024107083333330137,-0.0003793529204204106,-0.00013828208708710921
6,2,kid50k_full,896,0.00015167619619622192,7.305758258230712e-06,3.504321321323462e-05,-0.00010932722472475659,-0.0001443704379379912
6,2,kid50k_full,1024,3.931117867867666e-05,1.9240650650645136e-05,1.4488200700716247e-05,-5.582327327315279e-06,-2.0070528028031526e-05
6,2,fid50k_full,512,0.0,0.0,0.9945397230646664,0.9945397230646664,0.0
6,2,fid50k_full,640,0.03535707566520774,-0.032479830925202346,-0.3853205807757969,-0.453157487366207,-0.06783690659040964
6,2,fid50k_full,768,0.1603624160133883,-0.026847903991125577,-0.2213654524619053,-0.4085757724664192,-0.18721032000451387
6,2,fid50k_full,896,0.1934319025667275,0.008011130292202573,0.07120138792873387,-0.11421938434579104,-0.18542077227452491
6,2,fid50k_full,1024,0.08399431560589576,0.019508828974125425,0.07674196411716849,0.012256477485398154,-0.06448548663177034
7,1,kid50k_full,512,0.0,0.0,0.03190406766766766,0.03190406766766766,0.0
7,1,kid50k_full,640,0.0002535511161160641,0.00015279338338340925,-0.0036790680130130435,-0.0037798257457456984,-0.000100757732732654
7,1,kid50k_full,768,0.0003529400975975285,0.00024379782032033295,-0.0016837459509509928,-0.0017928882282281884,-0.00010914227727719557
7,1,kid50k_full,896,0.00013810094594597123,0.0001885667192192556,-0.0009389934559559604,-0.0008885276826826761,5.046577327328435e-05
7,1,kid50k_full,1024,6.884556056051261e-05,0.0002766159434434805,-0.0007289352652652724,-0.0005211648823823046,0.00020777038288296787
7,1,fid50k_full,512,0.0,0.0,34.672981621755284,34.672981621755284,0.0
7,1,fid50k_full,640,0.33233524492621314,0.10278503615082002,-4.365732812454535,-4.595283021229928,-0.22955020877539312
7,1,fid50k_full,768,0.40649240637734607,0.2500355882785339,-2.0847822972374246,-2.2412391153362368,-0.15645681809881218
7,1,fid50k_full,896,0.1782590594948168,0.2346157104997424,-1.2087859032360075,-1.152429252231082,0.056356651004925595
7,1,fid50k_full,1024,0.1200423598648932,0.33652834778906104,-0.9523169445525834,-0.7358309566284156,0.21648598792416784
7,2,kid50k_full,512,0.0,0.0,-0.00016081505255251087,-0.00016081505255251087,0.0
7,2,kid50k_full,640,7.370496996999014e-05,5.194717217155056e-06,-0.00028506379879874666,-0.00035357405155158174,-6.851025275283508e-05
7,2,kid50k_full,768,7.72640915916009e-05,3.4883816316319104e-05,-0.0002517552227227315,-0.0002941354979980133,-4.23802752752818e-05
7,2,kid50k_full,896,-4.106226226221685e-05,-2.6550245245239232e-05,-0.00020735086086083815,-0.00019283884384386054,1.4512017016977616e-05
7,2,kid50k_full,1024,-4.586719719719e-05,-2.7203053053030993e-05,-6.696602102101686e-05,-4.830187687685785e-05,1.8664144144159116e-05
7,2,fid50k_full,512,0.0,0.0,0.28116647304878484,0.28116647304878484,0.0
7,2,fid50k_full,640,0.12260594093207366,-0.0398026902309887,-0.9309373207821015,-1.0933459519451638,-0.16240863116306237
7,2,fid50k_full,768,0.08254334423489551,-0.0002395821971790113,-0.33372229834471856,-0.4165052247767931,-0.08278292643207452
7,2,fid50k_full,896,-0.03887940164615866,0.0006302438715746206,-0.31223159146158874,-0.27272194594385546,0.03950964551773328
7,2,fid50k_full,1024,-0.06785980854812479,-0.018415300705138637,-0.22446487420448857,-0.17502036636150242,0.04944450784298615
