kimg,seed,method,nfe,fid50k,kid50k
1280,101,IA,1,70.73031097763548,0.05125663686436437
1280,101,IA,2,29.678752630191816,0.018063945462962954
1280,101,IB,1,75.48348514511821,0.05536432891891893
1280,101,IB,2,32.61339094581709,0.020052735635635643
1280,102,IA,1,71.74671151430977,0.051683633821321344
1280,102,IA,2,29.263978935225676,0.01743058304554555
1280,102,IB,1,75.67294424579032,0.05489723762262263
1280,102,IB,2,32.093208953814354,0.019245594559559532
1280,103,IA,1,70.7725237650599,0.05097263941191189
1280,103,IA,2,29.108033843375956,0.017628399862362337
1280,103,IB,1,75.44204279545005,0.0549059203828829
1280,103,IB,2,32.158333696908215,0.01949375862612612
2560,101,IA,1,64.72784129450761,0.04603015238738739
2560,101,IA,2,27.958620974528806,0.016715285810810783
2560,101,IB,1,68.78009689587891,0.0492220706081081
2560,101,IB,2,30.697283736525222,0.018423617357357366
2560,102,IA,1,64.70449124647583,0.046583200983483466
2560,102,IA,2,27.874003449788066,0.016808965813313297
2560,102,IB,1,69.87748560348564,0.0507266023773774
2560,102,IB,2,31.012573354806655,0.018869918220720736
2560,103,IA,1,66.80498909216361,0.04845988207457455
2560,103,IA,2,28.727505514930744,0.01742167602352354
2560,103,IB,1,71.88925153395047,0.05268009166916918
2560,103,IB,2,32.00874173785822,0.019482967317317336
3840,101,IA,1,29.126933057102807,0.018730082412412412
3840,101,IA,2,8.911826972101004,0.004889073443443454
3840,101,IB,1,32.64323497520537,0.021242044319319326
3840,101,IB,2,9.981184898478379,0.005582174404404427
3840,102,IA,1,27.29971120843923,0.01755021902152152
3840,102,IA,2,8.547023901655116,0.004791820162662625
3840,102,IB,1,30.89619320838368,0.020043464166666677
3840,102,IB,2,9.62678770617315,0.005486683215715716
3840,103,IA,1,28.388787723758877,0.018023594547047068
3840,103,IA,2,8.784021499275326,0.004766796929429411
3840,103,IB,1,31.3667995444957,0.0199572692117117
3840,103,IB,2,9.703019254328083,0.005308130292792807
5120,101,IA,1,21.857627717038678,0.013709454396896886
5120,101,IA,2,7.5784569336446825,0.004091566844344352
5120,101,IB,1,24.503179033975133,0.015542871936936925
5120,101,IB,2,8.476530038513458,0.004620845725725704
5120,102,IA,1,22.011821792655315,0.013799968618618623
5120,102,IA,2,7.546402284527539,0.004140532112112133
5120,102,IB,1,24.11863729122765,0.01518135605355355
5120,102,IB,2,8.256395235098969,0.004520051899399378
5120,103,IA,1,22.575880013284152,0.01423244022022022
5120,103,IA,2,7.67863223178481,0.0042347059084083954
5120,103,IB,1,24.981360026788998,0.01586297002502501
5120,103,IB,2,8.516388266266649,0.004768740067567579
6400,101,IA,1,20.356795875991708,0.01268709327327328
6400,101,IA,2,7.256471516247709,0.003944825963463472
6400,101,IB,1,26.653084618864753,0.016985938243243258
6400,101,IB,2,8.998441803912504,0.0048254352652652545
6400,102,IA,1,20.09813355128054,0.012503255925925895
6400,102,IA,2,7.18563008989346,0.0038636683083083287
6400,102,IB,1,22.246142478031206,0.013844861986986994
6400,102,IB,2,7.89524572197781,0.004194974677177174
6400,103,IA,1,24.187858671817555,0.015249196363863885
6400,103,IA,2,8.107833146748018,0.0043414189364364255
6400,103,IB,1,26.282740049705396,0.01661660064814815
6400,103,IB,2,8.892791968527478,0.0047928355280280315
7680,101,IA,1,9.070529262301255,0.005805299999999975
7680,101,IA,2,3.733922431762826,0.0021588227952952957
7680,101,IB,1,9.822996284925804,0.006199620765765721
7680,101,IB,2,3.882828744725219,0.002231094019019029
7680,102,IA,1,9.101112053907348,0.005429765382882897
7680,102,IA,2,3.7174184913871993,0.002035743345845858
7680,102,IB,1,9.414786261923615,0.0056284145420420735
7680,102,IB,2,3.7151590169095416,0.0019766588388388344
7680,103,IA,1,9.883501181164807,0.006193499642142174
7680,103,IA,2,4.673906735931386,0.002523121251251214
7680,103,IB,1,9.583912059451364,0.005945200180180186
7680,103,IB,2,3.7667301527666934,0.002119668666166185
8960,101,IA,1,8.218996390568906,0.00520689372872871
8960,101,IA,2,3.7947930918745865,0.0022420592792793057
8960,101,IB,1,8.840799222951917,0.005527475625625625
8960,101,IB,2,3.8521051233879504,0.00219273807057054
8960,102,IA,1,8.480842104083028,0.005446223360860904
8960,102,IA,2,3.8191670740607098,0.0023419965690690925
8960,102,IB,1,8.74037880605094,0.0055296354079078765
8960,102,IB,2,3.862143460541142,0.002308221629129148
8960,103,IA,1,21.773378890677943,0.01732221225225223
8960,103,IA,2,44.714700264701904,0.04286033992742741
8960,103,IB,1,331.36768114617564,0.38472405734985
8960,103,IB,2,282.8137856435987,0.28750500705705706
10240,101,IA,1,6.373092409678185,0.003887524329329358
10240,101,IA,2,3.3453035278643206,0.0018948855030029971
10240,101,IB,1,6.716101457939498,0.004144900695695705
10240,101,IB,2,3.3940443605831567,0.001969950510510489
10240,102,IA,1,6.447032584132756,0.004015855988488475
10240,102,IA,2,3.368347368261374,0.0020355805155154987
10240,102,IB,1,6.548984162313153,0.004035098443443481
10240,102,IB,2,3.361356688385871,0.001987803616116107
10240,103,IA,1,269.538279316143,0.26849034150900897
10240,103,IA,2,253.03935938517617,0.22787292528778785
10240,103,IB,1,317.86715440280284,0.3521956035685684
10240,103,IB,2,213.5777375615947,0.2244270255330329
11520,101,IA,1,5.567043589300424,0.0033455911661661774
11520,101,IA,2,3.29778835337802,0.0019790699274274174
11520,101,IB,1,5.713624336527676,0.003463479882382389
11520,101,IB,2,3.349468870267767,0.002017831321321314
11520,102,IA,1,5.652257890296202,0.0035535451551551474
11520,102,IA,2,3.3382015745240965,0.0020908602377377153
11520,102,IB,1,5.71112036990476,0.0035298796771771734
11520,102,IB,2,3.36058790957782,0.002101395763263258
11520,103,IA,1,371.02606768694613,0.45381756199199186
11520,103,IA,2,237.16583458658488,0.27935094949949946
11520,103,IB,1,319.57166972489836,0.35963753251001
11520,103,IB,2,204.16599422780067,0.24253846680180177
12800,101,IA,1,5.248718572923762,0.003131490950950947
12800,101,IA,2,3.2551848494668394,0.00195866142892894
12800,101,IB,1,5.375351240451324,0.0032045794019018876
12800,101,IB,2,3.2546323677901774,0.001893474767267221
12800,102,IA,1,5.4321979296262795,0.003357399702202174
12800,102,IA,2,3.3012174516886232,0.0020577277152152144
12800,102,IB,1,5.536642094130197,0.0033832961186186276
12800,102,IB,2,3.308902860371518,0.0019989525125124964
12800,103,IA,1,282.5018621948152,0.30822995168668677
12800,103,IA,2,254.73600120162428,0.29864265360110115
12800,103,IB,1,244.95487718288092,0.2608777627002001
12800,103,IB,2,218.59709598333512,0.26975562995996
