seed,trajectory,kimg,role,opaque_id,status,root_cause,fid50k_full,kid50k_full
81,BA128,640,primary,aee36aa6139071991ff86d45,PASS,,19.2693022153804,0.011794238351285458
81,BA128,1024,secondary,f0710b13d78c6d350786ec8b,PASS,,12.32371623870819,0.007446340750902891
81,BA256,768,primary,13bcd5a63803df4c93e6f6e0,PASS,,15.074186483727352,0.00933775119483471
81,BA256,1024,secondary,77dae8fcf146fbe9649baf6e,PASS,,11.719239076114311,0.007222714833915234
81,BA384,896,primary,fe3cb5a87ce832d3cd0bec97,PASS,,13.879746052612699,0.008566872216761112
81,BA384,1024,secondary,8f2a9d67f310516cfc4644da,PASS,,11.829543590244928,0.00718656275421381
81,BA512,1024,primary,0776a24a70afb5198dfa0136,PASS,,11.682261252797725,0.006979909725487232
81,CTRL,640,primary,29a7a4e59cbdef01a49c8d8d,PASS,,22.556461013979142,0.014415236189961433
81,CTRL,768,primary,f9bf90f537cfa574144c726d,PASS,,19.634522337005357,0.013035505078732967
81,CTRL,896,primary,213074c46994b7b7abc3c1e5,PASS,,17.019569709807225,0.011086255311965942
81,CTRL,1024,primary,26bf936e0a60eaaaa629a49e,PASS,,13.483904758537482,0.008391479030251503
82,BA128,640,primary,313a9069abec0bc077e72974,PASS,,11.762861231615883,0.007372063118964434
82,BA128,1024,secondary,a2f9cf0cbae84d1ff4811f6d,PASS,,8.285082207577164,0.004954655654728413
82,BA256,768,primary,95abc6057de4e177b6774509,PASS,,10.76945590161661,0.006857897620648146
82,BA256,1024,secondary,a71432bbfdab76c4ad58999f,PASS,,8.253531995387894,0.004895644728094339
82,BA384,896,primary,b0275198256a7edfc769bd86,PASS,,9.04084343987481,0.005543498322367668
82,BA384,1024,secondary,05e5c6321b70e168e82d2352,PASS,,8.210682689017876,0.004928576294332743
82,BA512,1024,primary,6cc0a2be936b3401f12ec3de,PASS,,8.002816356335563,0.0047081103548407555
82,CTRL,640,primary,4bbce5f9d732fd312b3d9c21,PASS,,13.273353733941356,0.008921394124627113
82,CTRL,768,primary,6454e8045dffabf307c02f5d,PASS,,11.622868566219722,0.007688325364142656
82,CTRL,896,primary,4656f9973c7e19a78de9d682,PASS,,10.11253670360244,0.0064793238416314125
82,CTRL,1024,primary,0ab0887ceb71209bc8b49dcb,PASS,,9.005666302251853,0.005554294679313898
83,BA128,640,primary,afae15fff6d59a18652c9a32,PASS,,16.358290647727642,0.01101885549724102
83,BA128,1024,secondary,56fba142c9cd8134704f64d7,PASS,,10.112052618308036,0.006102465558797121
83,BA256,768,primary,db68986dbd6172e950b2c7a3,PASS,,12.764292820450986,0.008274245075881481
83,BA256,1024,secondary,eb7943613bbeacb484ae20f8,PASS,,10.236765258858174,0.006285966839641333
83,BA384,896,primary,4f1877a8e9cd19b4e1b39394,PASS,,11.247505595689411,0.007018813397735357
83,BA384,1024,secondary,69dc1345545d5cb362bffde8,PASS,,10.038055021385627,0.006045139394700527
83,BA512,1024,primary,db727048ceb3f004afc6ba2f,PASS,,10.13275235388068,0.006123927887529135
83,CTRL,640,primary,af52da37298f9039a324617e,PASS,,13.736937904973246,0.009152324870228767
83,CTRL,768,primary,2e9cce15597864599211290e,PASS,,11.647441979914571,0.007531377021223307
83,CTRL,896,primary,338fedcf8ed068dec9db0365,PASS,,10.144458704097406,0.006364611443132162
83,CTRL,1024,primary,027092378e5cbf50c579c3f0,PASS,,9.319447988571515,0.0056669749319553375
84,BA128,640,primary,c0f4ce7875177b5cfbe808f9,PASS,,15.953770515572435,0.011458713561296463
84,BA128,1024,secondary,084c4d23f5b6c9c8439bf381,PASS,,9.780698290664779,0.006326459813863039
84,BA256,768,primary,0119e154a75ef202debd5160,PASS,,12.240750885949588,0.00829367432743311
84,BA256,1024,secondary,aba49412953598f7cbc824d2,PASS,,9.63247818976652,0.006256266962736845
84,BA384,896,primary,ccd5d248f3e0d1955b9a5099,PASS,,10.654171337532734,0.0069850729778409
84,BA384,1024,secondary,06039931203a2a2960d37883,PASS,,9.55221774287092,0.006140258628875017
84,BA512,1024,primary,68f44d8d941914815eb1c369,PASS,,9.797681970165524,0.0064311400055885315
84,CTRL,640,primary,cb3d9b98fb8fa6e23785126b,PASS,,20.32732766286066,0.014443689025938511
84,CTRL,768,primary,61634910ac0ad649b2002d98,PASS,,14.672086704329978,0.009828652255237103
84,CTRL,896,primary,e26c6fe67df438cde096a368,PASS,,11.960746612389093,0.007706069387495518
84,CTRL,1024,primary,102fdb35a69d56c9e7be5f53,PASS,,10.174334104011109,0.006424685008823872
85,BA128,640,primary,5c5a7eb8a76d76c133d2999f,PASS,,15.932676512023578,0.009741628542542458
85,BA128,1024,secondary,ce2a979d334b1387f03a95b5,PASS,,10.046641343406773,0.0061417995020747185
85,BA256,768,primary,4b559dff12ca8c7cb2c5606e,PASS,,13.39270733799223,0.008284655399620533
85,BA256,1024,secondary,16240c6a8b51e7b6a898398b,PASS,,10.7120328725066,0.006634170189499855
85,BA384,896,primary,fd63111f2db3fbcf6c659e76,PASS,,11.974723767154176,0.007483242079615593
85,BA384,1024,secondary,8782ab3876e195af62b06dd9,PASS,,10.641185312914509,0.006604867987334728
85,BA512,1024,primary,2452dc7506271f3c033a604f,PASS,,10.746880157923723,0.006631782278418541
85,CTRL,640,primary,0c0ec9adb0bb737997bd95cd,PASS,,27.51648262490439,0.017762314528226852
85,CTRL,768,primary,db90c72536039da425da67f4,PASS,,21.3108293842998,0.014364084228873253
85,CTRL,896,primary,4ffe740e974329d09baab416,PASS,,19.745450173030868,0.013493708334863186
85,CTRL,1024,primary,c9e4fba1853cba1a2eadd6fa,PASS,,16.880553453153126,0.011254003271460533
86,BA128,640,primary,c3251157e94d0d07fd66b49f,PASS,,16.68345748717156,0.011331743560731411
86,BA128,1024,secondary,2085db9495c777320067b00d,PASS,,10.052178347143794,0.006287434138357639
86,BA256,768,primary,7e6f8de94bab7a73210e94e1,PASS,,14.331078842963597,0.009476225823163986
86,BA256,1024,secondary,1313d4a85b63d2e7344019b6,PASS,,10.042313768070134,0.006287290249019861
86,BA384,896,primary,fa20c6a1ac080b9b00fb1c8b,PASS,,11.460351415582558,0.0073739211075007915
86,BA384,1024,secondary,e70d949bc3975b1189a32679,PASS,,9.976163449303511,0.006270544603466988
86,BA512,1024,primary,3198e3930cfb1033977b2d65,PASS,,10.196474291076916,0.006422624457627535
86,CTRL,640,primary,73d371079777167ec15a44ee,PASS,,15.701049471823893,0.009374001063406467
86,CTRL,768,primary,39d6f798a75d23bb0042a2e3,PASS,,12.523195888893367,0.007494413759559393
86,CTRL,896,primary,878af248fdf22c2bef46fea2,PASS,,10.911798644533437,0.006438798736780882
86,CTRL,1024,primary,6c6de245d457982fdcbacf2c,PASS,,10.471840789701616,0.006369661074131727
87,BA128,640,primary,51d9271cb8fd5d02d9642548,PASS,,15.924415191276939,0.010350693948566914
87,BA128,1024,secondary,a35dea93a160d04d92c9267c,PASS,,9.926048736266592,0.005980026908218861
87,BA256,768,primary,cefeb567f08713ad3c7ce420,PASS,,14.88660898964344,0.009901972487568855
87,BA256,1024,secondary,42d093a3b94d07014740f427,PASS,,10.577427209620943,0.006514341104775667
87,BA384,896,primary,be6541ffe971e45354578ff0,PASS,,12.257290918395313,0.007784558460116386
87,BA384,1024,secondary,005c84e4c91aeda603764290,PASS,,10.471959397407108,0.006551806349307299
87,BA512,1024,primary,2756940631422ff57d5ccece,PASS,,10.78766607514397,0.006809101440012455
87,CTRL,640,primary,4235692fd2df0203558a824e,PASS,,15.54121412669394,0.009811393916606903
87,CTRL,768,primary,4fc1024957b5fc5e5fe41905,PASS,,13.363713289785197,0.008330600336194038
87,CTRL,896,primary,07128aa51e398f2d585e1bde,PASS,,11.262059734815228,0.006769594736397266
87,CTRL,1024,primary,588af41ae065509a9b24fbdb,PASS,,9.803405153053586,0.005799338221549988
88,BA128,640,primary,d5751b5c94f35145dc16a527,PASS,,11.623638667507404,0.007515149191021919
88,BA128,1024,secondary,2cbea2f922f58f62eb3be415,PASS,,8.36508148821034,0.005201887339353561
88,BA256,768,primary,4d4107534a086eee04983e9d,PASS,,10.062471006141413,0.006457861512899399
88,BA256,1024,secondary,6d65320e9e6bee478f965e78,PASS,,8.662280709507275,0.005367488134652376
88,BA384,896,primary,a9eaa52bb3dd7c27bdd2c43b,PASS,,9.097051611447945,0.005580546800047159
88,BA384,1024,secondary,961f3c4b36a2612799f0a173,PASS,,8.507355664681908,0.005267651751637459
88,BA512,1024,primary,e9eece344b9c77cb34ee3115,PASS,,8.448833300281287,0.005198495928198099
88,CTRL,640,primary,671cc5f0ab8c6ddf8dc705f5,PASS,,11.860691802662139,0.007625065743923187
88,CTRL,768,primary,cc50a15c2836476a859fcf51,PASS,,9.963222483695317,0.006280417554080486
88,CTRL,896,primary,f7ea990627c519bf706577c2,PASS,,9.168484035447278,0.0056835669092834
88,CTRL,1024,primary,1237c2b8ae9e0167725f3f94,PASS,,8.34188227030163,0.005116525571793318
89,BA128,640,primary,d3e400072a51f52be84963b1,PASS,,16.551012325170127,0.011852409690618515
89,BA128,1024,secondary,34f89dca7d2e3265ea2a1695,PASS,,8.481113337666933,0.005332844331860542
89,BA256,768,primary,185af8889ccc0a0452848f91,PASS,,10.55292386170944,0.006599299609661102
89,BA256,1024,secondary,b36d94b2b7cd7bab75c40039,PASS,,8.414644529822779,0.005221240222454071
89,BA384,896,primary,124d1769c19261e7b5e7647f,PASS,,8.922556880463048,0.0055894190445542336
89,BA384,1024,secondary,1b8a2c5a5f0806c63126b486,PASS,,8.468711791074076,0.00530098145827651
89,BA512,1024,primary,2a6ced9113cf55c9db0321b1,PASS,,8.423314373074906,0.005305903498083353
89,CTRL,640,primary,f3ad80672bad2ed5a2ad3b10,PASS,,15.17356528013669,0.010081330314278603
89,CTRL,768,primary,e8e90242adc0fd727f14472d,PASS,,12.324377170647233,0.007947588339447975
89,CTRL,896,primary,1278030a08007fd6d65ef1bd,PASS,,10.583460536546124,0.0067668212577700615
89,CTRL,1024,primary,f8f1ae040bccfd3913888043,PASS,,9.266886089580549,0.005772243719547987
90,BA128,640,primary,b9c3e622e526c46da45b33a5,PASS,,11.376628820377274,0.007123014889657497
90,BA128,1024,secondary,8c32ee36e5853b2d1520b7ed,PASS,,8.84120751117029,0.005356962792575359
90,BA256,768,primary,85f10554714f353c0c245541,PASS,,10.138854724096054,0.00626311544328928
90,BA256,1024,secondary,7593ac8c3dc3dccd4571cb27,PASS,,8.69186358611374,0.005206252448260784
90,BA384,896,primary,88e1ab1e644ee2c3710d2e06,PASS,,9.261961140220532,0.005532573442906141
90,BA384,1024,secondary,72c56e4b5c08af61792064a4,PASS,,8.565329493483178,0.005020869430154562
90,BA512,1024,primary,e401d5864f3027a99dc62747,PASS,,8.917377188510802,0.005345468409359455
90,CTRL,640,primary,bd6173f7432975aa5f5476bf,PASS,,18.838954852315617,0.013064212165772915
90,CTRL,768,primary,2337297cae0a4bf02f3dc05b,PASS,,14.51609735943509,0.009474052116274834
90,CTRL,896,primary,eb6277c2515eaf6e29581f1a,PASS,,12.041961293435376,0.0076539525762200356
90,CTRL,1024,primary,214a3077fb10652317fffa27,PASS,,11.212930406929503,0.0070800562389194965
91,BA128,640,primary,429d8f749864a63a195657e9,PASS,,20.820411255061863,0.015175429172813892
91,BA128,1024,secondary,34c5c654a6155d9967af6ba4,PASS,,11.135447545402178,0.007176642771810293
91,BA256,768,primary,9f2b91d0dee9c129678124a3,PASS,,15.928754588902127,0.011102931573987007
91,BA256,1024,secondary,030e7b6d752526fc27c031e3,PASS,,10.687518523802623,0.0070063406601548195
91,BA384,896,primary,33e5647c85674bcfb6428ce3,PASS,,12.331667515508595,0.00808069109916687
91,BA384,1024,secondary,c70ea2b9f91c832538be5938,PASS,,10.42810677604067,0.0066171749494969845
91,BA512,1024,primary,d857ec923d04366c5705d70f,PASS,,10.383800049601245,0.006684921681880951
91,CTRL,640,primary,2ffa5ea08fcc7a9c5fbca229,PASS,,18.518401998179172,0.012716338038444519
91,CTRL,768,primary,28400a9684ac197439ff74ce,PASS,,15.31769083559623,0.010253352113068104
91,CTRL,896,primary,243fdb8d4493f44fec81474c,PASS,,13.541913713168313,0.00887071993201971
91,CTRL,1024,primary,1ed680e7454b76d60a8566fb,PASS,,11.314111179034851,0.007111657410860062
92,BA128,640,primary,1775de3bc087fd9dc53bc449,PASS,,20.513434765274663,0.0144630316644907
92,BA128,1024,secondary,a1dbb263516441a38dae5674,PASS,,10.565159611526184,0.0067788646556437016
92,BA256,768,primary,c28ff8784b57cc8b28e58286,PASS,,15.829945621770813,0.01083479542285204
92,BA256,1024,secondary,f41c1da1716a88e8ee9cb405,PASS,,10.668888621220491,0.0067846388556063175
92,BA384,896,primary,fb07d7987726bf866995946b,PASS,,12.835502708832902,0.008482595905661583
92,BA384,1024,secondary,8c9daf93ffa400e73ab018ce,PASS,,11.069528193474493,0.007094706874340773
92,BA512,1024,primary,fade728ff13fe9a978176769,PASS,,10.68495324785182,0.0067826975136995316
92,CTRL,640,primary,d0b6dc077a990bd3fbad62f6,PASS,,11.40126277322876,0.007170556578785181
92,CTRL,768,primary,edaabebe11a1ee8e28622b5e,PASS,,9.151910272178947,0.0055599515326321125
92,CTRL,896,primary,d099b2dff92e251f1f6ac5c2,PASS,,8.309264053122591,0.005090722348541021
92,CTRL,1024,primary,57b0132a3db8b519f68ecbb2,PASS,,7.680419643997818,0.004591186530888081
